timestamp_utc,wind_from_deg_10m,wind_speed_ms_10m,wind_from_deg_100m,wind_speed_ms_100m,model,calm_flag,plume_bearing_deg_10m,likely_downwind_receptors_10m,plume_bearing_deg_100m,likely_downwind_receptors_100m
2026-09-07T00:00,178,2.1,210,6.1,ukmo_uk_deterministic_2km,False,358,South Farm (0.4km);Mickledale Farm (1.8km);Marton Moor Farm (1.8km),30,Marton Cottage Farm (1.8km);Marton cum Grafton (3.3km)
2026-09-07T01:00,184,2.7,214,7.3,ukmo_uk_deterministic_2km,False,4,South Farm (0.4km);Mickledale Farm (1.8km);Marton Moor Farm (1.8km);Marton cum Grafton (3.3km),34,Marton Cottage Farm (1.8km);Marton cum Grafton (3.3km)
2026-09-07T02:00,218,3.5,232,8.6,ukmo_uk_deterministic_2km,False,38,Marton Cottage Farm (1.8km);Marton cum Grafton (3.3km),52,Marton Cottage Farm (1.8km);Great Ouseburn (4.6km)
2026-09-07T03:00,228,2.7,236,7.4,ukmo_uk_deterministic_2km,False,48,Marton Cottage Farm (1.8km);Great Ouseburn (4.6km),56,Marton Cottage Farm (1.8km);Great Ouseburn (4.6km)
2026-09-07T04:00,202,2.8,218,6.8,ukmo_uk_deterministic_2km,False,22,South Farm (0.4km);Mickledale Farm (1.8km);Marton Moor Farm (1.8km);Marton cum Grafton (3.3km),38,Marton Cottage Farm (1.8km);Marton cum Grafton (3.3km)
2026-09-07T05:00,186,2.0,218,4.7,ukmo_uk_deterministic_2km,False,6,South Farm (0.4km);Mickledale Farm (1.8km);Marton Moor Farm (1.8km);Marton cum Grafton (3.3km),38,Marton Cottage Farm (1.8km);Marton cum Grafton (3.3km)
2026-09-07T06:00,220,2.6,246,5.1,ukmo_uk_deterministic_2km,False,40,Marton Cottage Farm (1.8km);Marton cum Grafton (3.3km),66,Marton Cottage Farm (1.8km);Little Ouseburn (4.1km);Great Ouseburn (4.6km)
2026-09-07T07:00,264,4.1,266,7.2,ukmo_uk_deterministic_2km,False,84,Walls Close House (0.6km);Little Ouseburn (4.1km);Great Ouseburn (4.6km),86,Walls Close House (0.6km);Little Ouseburn (4.1km);Great Ouseburn (4.6km)
2026-09-07T08:00,264,4.0,268,6.6,ukmo_uk_deterministic_2km,False,84,Walls Close House (0.6km);Little Ouseburn (4.1km);Great Ouseburn (4.6km),88,Walls Close House (0.6km);Little Ouseburn (4.1km)
2026-09-07T09:00,254,3.3,258,5.2,ukmo_uk_deterministic_2km,False,74,Walls Close House (0.6km);Little Ouseburn (4.1km);Great Ouseburn (4.6km),78,Walls Close House (0.6km);Little Ouseburn (4.1km);Great Ouseburn (4.6km)
2026-09-07T10:00,256,3.4,258,5.3,ukmo_uk_deterministic_2km,False,76,Walls Close House (0.6km);Little Ouseburn (4.1km);Great Ouseburn (4.6km),78,Walls Close House (0.6km);Little Ouseburn (4.1km);Great Ouseburn (4.6km)
2026-09-07T11:00,266,4.9,266,7.6,ukmo_uk_deterministic_2km,False,86,Walls Close House (0.6km);Little Ouseburn (4.1km);Great Ouseburn (4.6km),86,Walls Close House (0.6km);Little Ouseburn (4.1km);Great Ouseburn (4.6km)
2026-09-07T12:00,254,6.2,254,9.5,ukmo_uk_deterministic_2km,False,74,Walls Close House (0.6km);Little Ouseburn (4.1km);Great Ouseburn (4.6km),74,Walls Close House (0.6km);Little Ouseburn (4.1km);Great Ouseburn (4.6km)
2026-09-07T13:00,244,5.5,244,8.8,ukmo_uk_deterministic_2km,False,64,Marton Cottage Farm (1.8km);Little Ouseburn (4.1km);Great Ouseburn (4.6km),64,Marton Cottage Farm (1.8km);Little Ouseburn (4.1km);Great Ouseburn (4.6km)
2026-09-07T14:00,246,6.2,246,10.1,ukmo_uk_deterministic_2km,False,66,Marton Cottage Farm (1.8km);Little Ouseburn (4.1km);Great Ouseburn (4.6km),66,Marton Cottage Farm (1.8km);Little Ouseburn (4.1km);Great Ouseburn (4.6km)
2026-09-07T15:00,246,5.4,246,8.6,ukmo_uk_deterministic_2km,False,66,Marton Cottage Farm (1.8km);Little Ouseburn (4.1km);Great Ouseburn (4.6km),66,Marton Cottage Farm (1.8km);Little Ouseburn (4.1km);Great Ouseburn (4.6km)
2026-09-07T16:00,222,5.3,224,8.4,ukmo_uk_deterministic_2km,False,42,Marton Cottage Farm (1.8km);Marton cum Grafton (3.3km),44,Marton Cottage Farm (1.8km);Marton cum Grafton (3.3km);Great Ouseburn (4.6km)
2026-09-07T17:00,224,4.7,228,8.0,ukmo_uk_deterministic_2km,False,44,Marton Cottage Farm (1.8km);Marton cum Grafton (3.3km);Great Ouseburn (4.6km),48,Marton Cottage Farm (1.8km);Great Ouseburn (4.6km)
2026-09-07T18:00,218,4.4,222,8.1,ukmo_uk_deterministic_2km,False,38,Marton Cottage Farm (1.8km);Marton cum Grafton (3.3km),42,Marton Cottage Farm (1.8km);Marton cum Grafton (3.3km)
2026-09-07T19:00,224,5.1,228,9.6,ukmo_uk_deterministic_2km,False,44,Marton Cottage Farm (1.8km);Marton cum Grafton (3.3km);Great Ouseburn (4.6km),48,Marton Cottage Farm (1.8km);Great Ouseburn (4.6km)
2026-09-07T20:00,236,5.9,236,10.6,ukmo_uk_deterministic_2km,False,56,Marton Cottage Farm (1.8km);Great Ouseburn (4.6km),56,Marton Cottage Farm (1.8km);Great Ouseburn (4.6km)
2026-09-07T21:00,224,5.4,228,10.1,ukmo_uk_deterministic_2km,False,44,Marton Cottage Farm (1.8km);Marton cum Grafton (3.3km);Great Ouseburn (4.6km),48,Marton Cottage Farm (1.8km);Great Ouseburn (4.6km)
2026-09-07T22:00,212,5.4,216,10.1,ukmo_uk_deterministic_2km,False,32,Marton Cottage Farm (1.8km);Marton cum Grafton (3.3km),36,Marton Cottage Farm (1.8km);Marton cum Grafton (3.3km)
2026-09-07T23:00,216,5.3,220,9.6,ukmo_uk_deterministic_2km,False,36,Marton Cottage Farm (1.8km);Marton cum Grafton (3.3km),40,Marton Cottage Farm (1.8km);Marton cum Grafton (3.3km)
2026-09-08T00:00,210,4.2,216,8.6,ukmo_uk_deterministic_2km,False,30,Marton Cottage Farm (1.8km);Marton cum Grafton (3.3km),36,Marton Cottage Farm (1.8km);Marton cum Grafton (3.3km)
2026-09-08T01:00,212,4.1,220,8.2,ukmo_uk_deterministic_2km,False,32,Marton Cottage Farm (1.8km);Marton cum Grafton (3.3km),40,Marton Cottage Farm (1.8km);Marton cum Grafton (3.3km)
2026-09-08T02:00,264,3.8,262,7.0,ukmo_uk_deterministic_2km,False,84,Walls Close House (0.6km);Little Ouseburn (4.1km);Great Ouseburn (4.6km),82,Walls Close House (0.6km);Little Ouseburn (4.1km);Great Ouseburn (4.6km)
2026-09-08T03:00,226,4.3,234,7.4,ukmo_uk_deterministic_2km,False,46,Marton Cottage Farm (1.8km);Great Ouseburn (4.6km),54,Marton Cottage Farm (1.8km);Great Ouseburn (4.6km)
2026-09-08T04:00,242,4.2,250,8.1,ukmo_uk_deterministic_2km,False,62,Marton Cottage Farm (1.8km);Little Ouseburn (4.1km);Great Ouseburn (4.6km),70,Walls Close House (0.6km);Little Ouseburn (4.1km);Great Ouseburn (4.6km)
2026-09-08T05:00,250,2.6,254,5.8,ukmo_uk_deterministic_2km,False,70,Walls Close House (0.6km);Little Ouseburn (4.1km);Great Ouseburn (4.6km),74,Walls Close House (0.6km);Little Ouseburn (4.1km);Great Ouseburn (4.6km)
2026-09-08T06:00,242,3.3,250,7.6,ukmo_uk_deterministic_2km,False,62,Marton Cottage Farm (1.8km);Little Ouseburn (4.1km);Great Ouseburn (4.6km),70,Walls Close House (0.6km);Little Ouseburn (4.1km);Great Ouseburn (4.6km)
2026-09-08T07:00,230,4.7,240,8.6,ukmo_uk_deterministic_2km,False,50,Marton Cottage Farm (1.8km);Great Ouseburn (4.6km),60,Marton Cottage Farm (1.8km);Little Ouseburn (4.1km);Great Ouseburn (4.6km)
2026-09-08T08:00,232,5.3,234,8.6,ukmo_uk_deterministic_2km,False,52,Marton Cottage Farm (1.8km);Great Ouseburn (4.6km),54,Marton Cottage Farm (1.8km);Great Ouseburn (4.6km)
2026-09-08T09:00,246,5.3,248,8.4,ukmo_uk_deterministic_2km,False,66,Marton Cottage Farm (1.8km);Little Ouseburn (4.1km);Great Ouseburn (4.6km),68,Walls Close House (0.6km);Little Ouseburn (4.1km);Great Ouseburn (4.6km)
2026-09-08T10:00,254,6.9,256,10.9,ukmo_uk_deterministic_2km,False,74,Walls Close House (0.6km);Little Ouseburn (4.1km);Great Ouseburn (4.6km),76,Walls Close House (0.6km);Little Ouseburn (4.1km);Great Ouseburn (4.6km)
2026-09-08T11:00,262,6.1,262,9.5,ukmo_uk_deterministic_2km,False,82,Walls Close House (0.6km);Little Ouseburn (4.1km);Great Ouseburn (4.6km),82,Walls Close House (0.6km);Little Ouseburn (4.1km);Great Ouseburn (4.6km)
2026-09-08T12:00,254,6.6,254,10.4,ukmo_uk_deterministic_2km,False,74,Walls Close House (0.6km);Little Ouseburn (4.1km);Great Ouseburn (4.6km),74,Walls Close House (0.6km);Little Ouseburn (4.1km);Great Ouseburn (4.6km)
2026-09-08T13:00,258,7.2,258,11.4,ukmo_uk_deterministic_2km,False,78,Walls Close House (0.6km);Little Ouseburn (4.1km);Great Ouseburn (4.6km),78,Walls Close House (0.6km);Little Ouseburn (4.1km);Great Ouseburn (4.6km)
2026-09-08T14:00,260,6.9,262,11.1,ukmo_uk_deterministic_2km,False,80,Walls Close House (0.6km);Little Ouseburn (4.1km);Great Ouseburn (4.6km),82,Walls Close House (0.6km);Little Ouseburn (4.1km);Great Ouseburn (4.6km)
2026-09-08T15:00,264,6.7,266,10.9,ukmo_uk_deterministic_2km,False,84,Walls Close House (0.6km);Little Ouseburn (4.1km);Great Ouseburn (4.6km),86,Walls Close House (0.6km);Little Ouseburn (4.1km);Great Ouseburn (4.6km)
2026-09-08T16:00,274,7.9,274,13.3,ukmo_uk_deterministic_2km,False,94,Walls Close House (0.6km);Little Ouseburn (4.1km);Whixley (4.1km),94,Walls Close House (0.6km);Little Ouseburn (4.1km);Whixley (4.1km)
2026-09-08T17:00,278,6.8,280,11.6,ukmo_uk_deterministic_2km,False,98,Walls Close House (0.6km);Little Ouseburn (4.1km);Whixley (4.1km);Green Hammerton (6.0km),100,Walls Close House (0.6km);Little Ouseburn (4.1km);Whixley (4.1km);Green Hammerton (6.0km)
2026-09-08T18:00,272,6.5,274,11.7,ukmo_uk_deterministic_2km,False,92,Walls Close House (0.6km);Little Ouseburn (4.1km),94,Walls Close House (0.6km);Little Ouseburn (4.1km);Whixley (4.1km)
2026-09-08T19:00,266,5.8,268,11.2,ukmo_uk_deterministic_2km,False,86,Walls Close House (0.6km);Little Ouseburn (4.1km);Great Ouseburn (4.6km),88,Walls Close House (0.6km);Little Ouseburn (4.1km)
2026-09-08T20:00,270,6.1,272,11.4,ukmo_uk_deterministic_2km,False,90,Walls Close House (0.6km);Little Ouseburn (4.1km),92,Walls Close House (0.6km);Little Ouseburn (4.1km)
2026-09-08T21:00,278,7.1,280,12.9,ukmo_uk_deterministic_2km,False,98,Walls Close House (0.6km);Little Ouseburn (4.1km);Whixley (4.1km);Green Hammerton (6.0km),100,Walls Close House (0.6km);Little Ouseburn (4.1km);Whixley (4.1km);Green Hammerton (6.0km)
2026-09-08T22:00,274,6.6,276,12.3,ukmo_uk_deterministic_2km,False,94,Walls Close House (0.6km);Little Ouseburn (4.1km);Whixley (4.1km),96,Walls Close House (0.6km);Little Ouseburn (4.1km);Whixley (4.1km);Green Hammerton (6.0km)
2026-09-08T23:00,278,5.7,280,10.9,ukmo_uk_deterministic_2km,False,98,Walls Close House (0.6km);Little Ouseburn (4.1km);Whixley (4.1km);Green Hammerton (6.0km),100,Walls Close House (0.6km);Little Ouseburn (4.1km);Whixley (4.1km);Green Hammerton (6.0km)
2026-09-09T00:00,284,5.7,286,11.1,ukmo_uk_deterministic_2km,False,104,Walls Close House (0.6km);Whixley (4.1km);Green Hammerton (6.0km),106,Walls Close House (0.6km);Whixley (4.1km);Green Hammerton (6.0km)
2026-09-09T01:00,288,5.3,290,9.9,ukmo_uk_deterministic_2km,False,108,Walls Close House (0.6km);Whixley (4.1km);Green Hammerton (6.0km),110,Walls Close House (0.6km);Whixley (4.1km);Green Hammerton (6.0km)
2026-09-09T02:00,292,5.3,294,9.9,ukmo_uk_deterministic_2km,False,112,Walls Close House (0.6km);Whixley (4.1km);Green Hammerton (6.0km),114,Allerton Castle (1.9km);Whixley (4.1km);Green Hammerton (6.0km)
2026-09-09T03:00,300,4.9,304,10.1,ukmo_uk_deterministic_2km,False,120,Allerton Castle (1.9km);Whixley (4.1km);Green Hammerton (6.0km),124,Allerton Castle (1.9km);Whixley (4.1km);Green Hammerton (6.0km)
2026-09-09T04:00,300,4.3,308,9.4,ukmo_uk_deterministic_2km,False,120,Allerton Castle (1.9km);Whixley (4.1km);Green Hammerton (6.0km),128,Allerton Castle (1.9km);Whixley (4.1km);Green Hammerton (6.0km)
2026-09-09T05:00,298,3.6,308,8.8,ukmo_uk_deterministic_2km,False,118,Allerton Castle (1.9km);Whixley (4.1km);Green Hammerton (6.0km),128,Allerton Castle (1.9km);Whixley (4.1km);Green Hammerton (6.0km)
2026-09-09T06:00,290,3.1,308,7.8,ukmo_uk_deterministic_2km,False,110,Walls Close House (0.6km);Whixley (4.1km);Green Hammerton (6.0km),128,Allerton Castle (1.9km);Whixley (4.1km);Green Hammerton (6.0km)
2026-09-09T07:00,310,3.8,316,7.4,ukmo_uk_deterministic_2km,False,130,Allerton Castle (1.9km);Hopperton (3.3km);Whixley (4.1km);Green Hammerton (6.0km),136,Allerton Castle (1.9km);Allerton Mauleverer (2.1km);Hopperton (3.3km);Whixley (4.1km);Green Hammerton (6.0km)
2026-09-09T08:00,328,4.3,330,6.9,ukmo_uk_deterministic_2km,False,148,Allerton Castle (1.9km);Allerton Mauleverer (2.1km);Hopperton (3.3km),150,Allerton Castle (1.9km);Allerton Mauleverer (2.1km);Hopperton (3.3km)
2026-09-09T09:00,326,3.2,328,4.7,ukmo_uk_deterministic_2km,False,146,Allerton Castle (1.9km);Allerton Mauleverer (2.1km);Hopperton (3.3km),148,Allerton Castle (1.9km);Allerton Mauleverer (2.1km);Hopperton (3.3km)
2026-09-09T10:00,316,2.9,318,4.3,ukmo_uk_deterministic_2km,False,136,Allerton Castle (1.9km);Allerton Mauleverer (2.1km);Hopperton (3.3km);Whixley (4.1km);Green Hammerton (6.0km),138,Allerton Castle (1.9km);Allerton Mauleverer (2.1km);Hopperton (3.3km);Whixley (4.1km);Green Hammerton (6.0km)
2026-09-09T11:00,342,2.4,336,3.6,ukmo_uk_deterministic_2km,False,162,Allerton Mauleverer (2.1km);Hopperton (3.3km),156,Allerton Castle (1.9km);Allerton Mauleverer (2.1km);Hopperton (3.3km)
2026-09-09T12:00,280,2.4,284,3.9,ukmo_uk_deterministic_2km,False,100,Walls Close House (0.6km);Little Ouseburn (4.1km);Whixley (4.1km);Green Hammerton (6.0km),104,Walls Close House (0.6km);Whixley (4.1km);Green Hammerton (6.0km)
2026-09-09T13:00,310,2.7,312,3.9,ukmo_uk_deterministic_2km,False,130,Allerton Castle (1.9km);Hopperton (3.3km);Whixley (4.1km);Green Hammerton (6.0km),132,Allerton Castle (1.9km);Allerton Mauleverer (2.1km);Hopperton (3.3km);Whixley (4.1km);Green Hammerton (6.0km)
2026-09-09T14:00,252,1.9,260,2.9,ukmo_uk_deterministic_2km,True,72,,80,Walls Close House (0.6km);Little Ouseburn (4.1km);Great Ouseburn (4.6km)
2026-09-09T15:00,254,2.7,256,4.3,ukmo_uk_deterministic_2km,False,74,Walls Close House (0.6km);Little Ouseburn (4.1km);Great Ouseburn (4.6km),76,Walls Close House (0.6km);Little Ouseburn (4.1km);Great Ouseburn (4.6km)
2026-09-09T16:00,248,3.8,248,5.6,ukmo_uk_deterministic_2km,False,68,Walls Close House (0.6km);Little Ouseburn (4.1km);Great Ouseburn (4.6km),68,Walls Close House (0.6km);Little Ouseburn (4.1km);Great Ouseburn (4.6km)
2026-09-09T17:00,228,3.2,236,5.0,ukmo_uk_deterministic_2km,False,48,Marton Cottage Farm (1.8km);Great Ouseburn (4.6km),56,Marton Cottage Farm (1.8km);Great Ouseburn (4.6km)
2026-09-09T18:00,264,4.3,264,7.9,ukmo_uk_deterministic_2km,False,84,Walls Close House (0.6km);Little Ouseburn (4.1km);Great Ouseburn (4.6km),84,Walls Close House (0.6km);Little Ouseburn (4.1km);Great Ouseburn (4.6km)
2026-09-09T19:00,256,2.8,260,6.7,ukmo_uk_deterministic_2km,False,76,Walls Close House (0.6km);Little Ouseburn (4.1km);Great Ouseburn (4.6km),80,Walls Close House (0.6km);Little Ouseburn (4.1km);Great Ouseburn (4.6km)
2026-09-09T20:00,260,2.4,262,6.9,ukmo_uk_deterministic_2km,False,80,Walls Close House (0.6km);Little Ouseburn (4.1km);Great Ouseburn (4.6km),82,Walls Close House (0.6km);Little Ouseburn (4.1km);Great Ouseburn (4.6km)
2026-09-09T21:00,246,2.2,262,5.9,ukmo_uk_deterministic_2km,False,66,Marton Cottage Farm (1.8km);Little Ouseburn (4.1km);Great Ouseburn (4.6km),82,Walls Close House (0.6km);Little Ouseburn (4.1km);Great Ouseburn (4.6km)
2026-09-09T22:00,222,1.9,254,4.8,ukmo_uk_deterministic_2km,True,42,,74,Walls Close House (0.6km);Little Ouseburn (4.1km);Great Ouseburn (4.6km)
2026-09-09T23:00,232,1.9,252,4.9,ukmo_uk_deterministic_2km,True,52,,72,Walls Close House (0.6km);Little Ouseburn (4.1km);Great Ouseburn (4.6km)
2026-09-10T00:00,214,1.8,252,3.4,ukmo_uk_deterministic_2km,True,34,,72,Walls Close House (0.6km);Little Ouseburn (4.1km);Great Ouseburn (4.6km)
2026-09-10T01:00,238,2.0,260,4.3,ukmo_uk_deterministic_2km,False,58,Marton Cottage Farm (1.8km);Little Ouseburn (4.1km);Great Ouseburn (4.6km),80,Walls Close House (0.6km);Little Ouseburn (4.1km);Great Ouseburn (4.6km)
2026-09-10T02:00,246,2.1,254,3.8,ukmo_uk_deterministic_2km,False,66,Marton Cottage Farm (1.8km);Little Ouseburn (4.1km);Great Ouseburn (4.6km),74,Walls Close House (0.6km);Little Ouseburn (4.1km);Great Ouseburn (4.6km)
2026-09-10T03:00,228,2.2,228,4.4,ukmo_uk_deterministic_2km,False,48,Marton Cottage Farm (1.8km);Great Ouseburn (4.6km),48,Marton Cottage Farm (1.8km);Great Ouseburn (4.6km)
2026-09-10T04:00,200,2.6,218,5.0,ukmo_uk_deterministic_2km,False,20,South Farm (0.4km);Mickledale Farm (1.8km);Marton Moor Farm (1.8km);Marton cum Grafton (3.3km),38,Marton Cottage Farm (1.8km);Marton cum Grafton (3.3km)
2026-09-10T05:00,188,2.3,214,5.1,ukmo_uk_deterministic_2km,False,8,South Farm (0.4km);Mickledale Farm (1.8km);Marton Moor Farm (1.8km);Marton cum Grafton (3.3km),34,Marton Cottage Farm (1.8km);Marton cum Grafton (3.3km)
2026-09-10T06:00,178,2.6,204,5.8,ukmo_uk_deterministic_2km,False,358,South Farm (0.4km);Mickledale Farm (1.8km);Marton Moor Farm (1.8km),24,Marton Cottage Farm (1.8km);Marton cum Grafton (3.3km)
2026-09-10T07:00,166,2.6,186,5.7,ukmo_uk_deterministic_2km,False,346,South Farm (0.4km);Mickledale Farm (1.8km);Marton Moor Farm (1.8km),6,South Farm (0.4km);Mickledale Farm (1.8km);Marton Moor Farm (1.8km);Marton cum Grafton (3.3km)
2026-09-10T08:00,172,3.0,184,5.2,ukmo_uk_deterministic_2km,False,352,South Farm (0.4km);Mickledale Farm (1.8km);Marton Moor Farm (1.8km),4,South Farm (0.4km);Mickledale Farm (1.8km);Marton Moor Farm (1.8km);Marton cum Grafton (3.3km)
2026-09-10T09:00,170,3.7,174,5.2,ukmo_uk_deterministic_2km,False,350,South Farm (0.4km);Mickledale Farm (1.8km);Marton Moor Farm (1.8km),354,South Farm (0.4km);Mickledale Farm (1.8km);Marton Moor Farm (1.8km)
2026-09-10T10:00,188,4.9,192,7.3,ukmo_uk_deterministic_2km,False,8,South Farm (0.4km);Mickledale Farm (1.8km);Marton Moor Farm (1.8km);Marton cum Grafton (3.3km),12,South Farm (0.4km);Mickledale Farm (1.8km);Marton Moor Farm (1.8km);Marton cum Grafton (3.3km)
2026-09-10T11:00,194,5.8,196,8.7,ukmo_uk_deterministic_2km,False,14,South Farm (0.4km);Mickledale Farm (1.8km);Marton Moor Farm (1.8km);Marton cum Grafton (3.3km),16,South Farm (0.4km);Mickledale Farm (1.8km);Marton Moor Farm (1.8km);Marton cum Grafton (3.3km)
2026-09-10T12:00,192,6.3,192,9.7,ukmo_uk_deterministic_2km,False,12,South Farm (0.4km);Mickledale Farm (1.8km);Marton Moor Farm (1.8km);Marton cum Grafton (3.3km),12,South Farm (0.4km);Mickledale Farm (1.8km);Marton Moor Farm (1.8km);Marton cum Grafton (3.3km)
2026-09-10T13:00,190,6.5,194,10.4,ukmo_uk_deterministic_2km,False,10,South Farm (0.4km);Mickledale Farm (1.8km);Marton Moor Farm (1.8km);Marton cum Grafton (3.3km),14,South Farm (0.4km);Mickledale Farm (1.8km);Marton Moor Farm (1.8km);Marton cum Grafton (3.3km)
2026-09-10T14:00,200,6.1,200,9.8,ukmo_uk_deterministic_2km,False,20,South Farm (0.4km);Mickledale Farm (1.8km);Marton Moor Farm (1.8km);Marton cum Grafton (3.3km),20,South Farm (0.4km);Mickledale Farm (1.8km);Marton Moor Farm (1.8km);Marton cum Grafton (3.3km)
2026-09-10T15:00,200,5.6,200,9.7,ukmo_uk_deterministic_2km,False,20,South Farm (0.4km);Mickledale Farm (1.8km);Marton Moor Farm (1.8km);Marton cum Grafton (3.3km),20,South Farm (0.4km);Mickledale Farm (1.8km);Marton Moor Farm (1.8km);Marton cum Grafton (3.3km)
2026-09-10T16:00,172,5.6,178,10.8,ukmo_uk_deterministic_2km,False,352,South Farm (0.4km);Mickledale Farm (1.8km);Marton Moor Farm (1.8km),358,South Farm (0.4km);Mickledale Farm (1.8km);Marton Moor Farm (1.8km)
2026-09-10T17:00,182,6.1,186,11.0,ukmo_uk_deterministic_2km,False,2,South Farm (0.4km);Mickledale Farm (1.8km);Marton Moor Farm (1.8km);Marton cum Grafton (3.3km),6,South Farm (0.4km);Mickledale Farm (1.8km);Marton Moor Farm (1.8km);Marton cum Grafton (3.3km)
2026-09-10T18:00,186,5.5,192,10.4,ukmo_uk_deterministic_2km,False,6,South Farm (0.4km);Mickledale Farm (1.8km);Marton Moor Farm (1.8km);Marton cum Grafton (3.3km),12,South Farm (0.4km);Mickledale Farm (1.8km);Marton Moor Farm (1.8km);Marton cum Grafton (3.3km)
2026-09-10T19:00,196,6.0,200,10.7,ukmo_uk_deterministic_2km,False,16,South Farm (0.4km);Mickledale Farm (1.8km);Marton Moor Farm (1.8km);Marton cum Grafton (3.3km),20,South Farm (0.4km);Mickledale Farm (1.8km);Marton Moor Farm (1.8km);Marton cum Grafton (3.3km)
2026-09-10T20:00,208,5.3,216,9.1,ukmo_uk_deterministic_2km,False,28,Marton Cottage Farm (1.8km);Marton cum Grafton (3.3km),36,Marton Cottage Farm (1.8km);Marton cum Grafton (3.3km)
2026-09-10T21:00,224,5.1,232,10.0,ukmo_uk_deterministic_2km,False,44,Marton Cottage Farm (1.8km);Marton cum Grafton (3.3km);Great Ouseburn (4.6km),52,Marton Cottage Farm (1.8km);Great Ouseburn (4.6km)
2026-09-10T22:00,220,4.3,232,8.8,ukmo_uk_deterministic_2km,False,40,Marton Cottage Farm (1.8km);Marton cum Grafton (3.3km),52,Marton Cottage Farm (1.8km);Great Ouseburn (4.6km)
2026-09-10T23:00,220,3.8,226,8.3,ukmo_uk_deterministic_2km,False,40,Marton Cottage Farm (1.8km);Marton cum Grafton (3.3km),46,Marton Cottage Farm (1.8km);Great Ouseburn (4.6km)
2026-09-11T00:00,224,3.3,234,8.0,ukmo_uk_deterministic_2km,False,44,Marton Cottage Farm (1.8km);Marton cum Grafton (3.3km);Great Ouseburn (4.6km),54,Marton Cottage Farm (1.8km);Great Ouseburn (4.6km)
2026-09-11T01:00,248,3.9,252,8.8,ukmo_uk_deterministic_2km,False,68,Walls Close House (0.6km);Little Ouseburn (4.1km);Great Ouseburn (4.6km),72,Walls Close House (0.6km);Little Ouseburn (4.1km);Great Ouseburn (4.6km)
2026-09-11T02:00,244,2.6,264,6.5,ukmo_uk_deterministic_2km,False,64,Marton Cottage Farm (1.8km);Little Ouseburn (4.1km);Great Ouseburn (4.6km),84,Walls Close House (0.6km);Little Ouseburn (4.1km);Great Ouseburn (4.6km)
2026-09-11T03:00,258,2.4,272,6.8,ukmo_uk_deterministic_2km,False,78,Walls Close House (0.6km);Little Ouseburn (4.1km);Great Ouseburn (4.6km),92,Walls Close House (0.6km);Little Ouseburn (4.1km)
2026-09-11T04:00,258,3.1,264,7.3,ukmo_uk_deterministic_2km,False,78,Walls Close House (0.6km);Little Ouseburn (4.1km);Great Ouseburn (4.6km),84,Walls Close House (0.6km);Little Ouseburn (4.1km);Great Ouseburn (4.6km)
2026-09-11T05:00,256,2.9,274,7.2,ukmo_uk_deterministic_2km,False,76,Walls Close House (0.6km);Little Ouseburn (4.1km);Great Ouseburn (4.6km),94,Walls Close House (0.6km);Little Ouseburn (4.1km);Whixley (4.1km)
2026-09-11T06:00,262,2.1,274,6.4,ukmo_uk_deterministic_2km,False,82,Walls Close House (0.6km);Little Ouseburn (4.1km);Great Ouseburn (4.6km),94,Walls Close House (0.6km);Little Ouseburn (4.1km);Whixley (4.1km)
2026-09-11T07:00,276,2.7,276,6.9,ukmo_uk_deterministic_2km,False,96,Walls Close House (0.6km);Little Ouseburn (4.1km);Whixley (4.1km);Green Hammerton (6.0km),96,Walls Close House (0.6km);Little Ouseburn (4.1km);Whixley (4.1km);Green Hammerton (6.0km)
2026-09-11T08:00,270,4.1,274,6.3,ukmo_uk_deterministic_2km,False,90,Walls Close House (0.6km);Little Ouseburn (4.1km),94,Walls Close House (0.6km);Little Ouseburn (4.1km);Whixley (4.1km)
2026-09-11T09:00,276,4.4,280,6.6,ukmo_uk_deterministic_2km,False,96,Walls Close House (0.6km);Little Ouseburn (4.1km);Whixley (4.1km);Green Hammerton (6.0km),100,Walls Close House (0.6km);Little Ouseburn (4.1km);Whixley (4.1km);Green Hammerton (6.0km)
2026-09-11T10:00,292,4.7,294,7.4,ukmo_uk_deterministic_2km,False,112,Walls Close House (0.6km);Whixley (4.1km);Green Hammerton (6.0km),114,Allerton Castle (1.9km);Whixley (4.1km);Green Hammerton (6.0km)
2026-09-11T11:00,314,3.1,312,4.8,ukmo_uk_deterministic_2km,False,134,Allerton Castle (1.9km);Allerton Mauleverer (2.1km);Hopperton (3.3km);Whixley (4.1km);Green Hammerton (6.0km),132,Allerton Castle (1.9km);Allerton Mauleverer (2.1km);Hopperton (3.3km);Whixley (4.1km);Green Hammerton (6.0km)
2026-09-11T12:00,298,2.4,296,3.8,ukmo_uk_deterministic_2km,False,118,Allerton Castle (1.9km);Whixley (4.1km);Green Hammerton (6.0km),116,Allerton Castle (1.9km);Whixley (4.1km);Green Hammerton (6.0km)
2026-09-11T13:00,280,1.7,278,2.7,ukmo_uk_deterministic_2km,True,100,,98,Walls Close House (0.6km);Little Ouseburn (4.1km);Whixley (4.1km);Green Hammerton (6.0km)
2026-09-11T14:00,266,4.5,268,6.8,ukmo_uk_deterministic_2km,False,86,Walls Close House (0.6km);Little Ouseburn (4.1km);Great Ouseburn (4.6km),88,Walls Close House (0.6km);Little Ouseburn (4.1km)
2026-09-11T15:00,272,4.8,272,7.3,ukmo_uk_deterministic_2km,False,92,Walls Close House (0.6km);Little Ouseburn (4.1km),92,Walls Close House (0.6km);Little Ouseburn (4.1km)
2026-09-11T16:00,268,4.8,268,7.4,ukmo_uk_deterministic_2km,False,88,Walls Close House (0.6km);Little Ouseburn (4.1km),88,Walls Close House (0.6km);Little Ouseburn (4.1km)
2026-09-11T17:00,272,4.4,274,7.6,ukmo_uk_deterministic_2km,False,92,Walls Close House (0.6km);Little Ouseburn (4.1km),94,Walls Close House (0.6km);Little Ouseburn (4.1km);Whixley (4.1km)
2026-09-11T18:00,272,3.4,278,7.5,ukmo_uk_deterministic_2km,False,92,Walls Close House (0.6km);Little Ouseburn (4.1km),98,Walls Close House (0.6km);Little Ouseburn (4.1km);Whixley (4.1km);Green Hammerton (6.0km)
2026-09-11T19:00,260,2.6,270,6.9,ukmo_uk_deterministic_2km,False,80,Walls Close House (0.6km);Little Ouseburn (4.1km);Great Ouseburn (4.6km),90,Walls Close House (0.6km);Little Ouseburn (4.1km)
2026-09-11T20:00,268,2.0,280,6.3,ukmo_uk_deterministic_2km,False,88,Walls Close House (0.6km);Little Ouseburn (4.1km),100,Walls Close House (0.6km);Little Ouseburn (4.1km);Whixley (4.1km);Green Hammerton (6.0km)
2026-09-11T21:00,194,2.3,242,3.8,ukmo_uk_deterministic_2km,False,14,South Farm (0.4km);Mickledale Farm (1.8km);Marton Moor Farm (1.8km);Marton cum Grafton (3.3km),62,Marton Cottage Farm (1.8km);Little Ouseburn (4.1km);Great Ouseburn (4.6km)
2026-09-11T22:00,202,2.5,248,5.3,ukmo_uk_deterministic_2km,False,22,South Farm (0.4km);Mickledale Farm (1.8km);Marton Moor Farm (1.8km);Marton cum Grafton (3.3km),68,Walls Close House (0.6km);Little Ouseburn (4.1km);Great Ouseburn (4.6km)
2026-09-11T23:00,220,2.6,234,7.1,ukmo_uk_deterministic_2km,False,40,Marton Cottage Farm (1.8km);Marton cum Grafton (3.3km),54,Marton Cottage Farm (1.8km);Great Ouseburn (4.6km)
2026-09-12T00:00,228,2.3,228,6.1,ukmo_uk_deterministic_2km,False,48,Marton Cottage Farm (1.8km);Great Ouseburn (4.6km),48,Marton Cottage Farm (1.8km);Great Ouseburn (4.6km)
2026-09-12T01:00,200,2.7,222,6.1,ukmo_uk_deterministic_2km,False,20,South Farm (0.4km);Mickledale Farm (1.8km);Marton Moor Farm (1.8km);Marton cum Grafton (3.3km),42,Marton Cottage Farm (1.8km);Marton cum Grafton (3.3km)
2026-09-12T02:00,202,2.9,218,6.5,ukmo_uk_deterministic_2km,False,22,South Farm (0.4km);Mickledale Farm (1.8km);Marton Moor Farm (1.8km);Marton cum Grafton (3.3km),38,Marton Cottage Farm (1.8km);Marton cum Grafton (3.3km)
2026-09-12T03:00,198,2.6,216,7.4,ukmo_uk_deterministic_2km,False,18,South Farm (0.4km);Mickledale Farm (1.8km);Marton Moor Farm (1.8km);Marton cum Grafton (3.3km),36,Marton Cottage Farm (1.8km);Marton cum Grafton (3.3km)
2026-09-12T04:00,198,3.6,210,8.4,ukmo_uk_deterministic_2km,False,18,South Farm (0.4km);Mickledale Farm (1.8km);Marton Moor Farm (1.8km);Marton cum Grafton (3.3km),30,Marton Cottage Farm (1.8km);Marton cum Grafton (3.3km)
2026-09-12T05:00,196,4.0,206,9.1,ukmo_uk_deterministic_2km,False,16,South Farm (0.4km);Mickledale Farm (1.8km);Marton Moor Farm (1.8km);Marton cum Grafton (3.3km),26,Marton Cottage Farm (1.8km);Marton cum Grafton (3.3km)
2026-09-12T06:00,190,5.8,194,11.1,ukmo_uk_deterministic_2km,False,10,South Farm (0.4km);Mickledale Farm (1.8km);Marton Moor Farm (1.8km);Marton cum Grafton (3.3km),14,South Farm (0.4km);Mickledale Farm (1.8km);Marton Moor Farm (1.8km);Marton cum Grafton (3.3km)
2026-09-12T07:00,178,5.3,186,9.6,ukmo_uk_deterministic_2km,False,358,South Farm (0.4km);Mickledale Farm (1.8km);Marton Moor Farm (1.8km),6,South Farm (0.4km);Mickledale Farm (1.8km);Marton Moor Farm (1.8km);Marton cum Grafton (3.3km)
2026-09-12T08:00,174,4.1,190,7.1,ukmo_uk_deterministic_2km,False,354,South Farm (0.4km);Mickledale Farm (1.8km);Marton Moor Farm (1.8km),10,South Farm (0.4km);Mickledale Farm (1.8km);Marton Moor Farm (1.8km);Marton cum Grafton (3.3km)
2026-09-12T09:00,222,7.1,224,11.9,ukmo_uk_deterministic_2km,False,42,Marton Cottage Farm (1.8km);Marton cum Grafton (3.3km),44,Marton Cottage Farm (1.8km);Marton cum Grafton (3.3km);Great Ouseburn (4.6km)
2026-09-12T10:00,216,7.6,218,12.6,ukmo_uk_deterministic_2km,False,36,Marton Cottage Farm (1.8km);Marton cum Grafton (3.3km),38,Marton Cottage Farm (1.8km);Marton cum Grafton (3.3km)
2026-09-12T11:00,218,6.8,222,11.3,ukmo_uk_deterministic_2km,False,38,Marton Cottage Farm (1.8km);Marton cum Grafton (3.3km),42,Marton Cottage Farm (1.8km);Marton cum Grafton (3.3km)
2026-09-12T12:00,228,7.1,232,11.8,ukmo_uk_deterministic_2km,False,48,Marton Cottage Farm (1.8km);Great Ouseburn (4.6km),52,Marton Cottage Farm (1.8km);Great Ouseburn (4.6km)
2026-09-12T13:00,248,4.4,250,8.3,ukmo_uk_deterministic_2km,False,68,Walls Close House (0.6km);Little Ouseburn (4.1km);Great Ouseburn (4.6km),70,Walls Close House (0.6km);Little Ouseburn (4.1km);Great Ouseburn (4.6km)
2026-09-12T14:00,264,6.1,262,10.3,ukmo_uk_deterministic_2km,False,84,Walls Close House (0.6km);Little Ouseburn (4.1km);Great Ouseburn (4.6km),82,Walls Close House (0.6km);Little Ouseburn (4.1km);Great Ouseburn (4.6km)
2026-09-12T15:00,266,5.9,264,10.1,ukmo_uk_deterministic_2km,False,86,Walls Close House (0.6km);Little Ouseburn (4.1km);Great Ouseburn (4.6km),84,Walls Close House (0.6km);Little Ouseburn (4.1km);Great Ouseburn (4.6km)
2026-09-12T16:00,264,6.4,266,10.6,ukmo_uk_deterministic_2km,False,84,Walls Close House (0.6km);Little Ouseburn (4.1km);Great Ouseburn (4.6km),86,Walls Close House (0.6km);Little Ouseburn (4.1km);Great Ouseburn (4.6km)
2026-09-12T17:00,262,7.1,264,12.6,ukmo_uk_deterministic_2km,False,82,Walls Close House (0.6km);Little Ouseburn (4.1km);Great Ouseburn (4.6km),84,Walls Close House (0.6km);Little Ouseburn (4.1km);Great Ouseburn (4.6km)
2026-09-12T18:00,270,5.5,270,10.9,ukmo_uk_deterministic_2km,False,90,Walls Close House (0.6km);Little Ouseburn (4.1km),90,Walls Close House (0.6km);Little Ouseburn (4.1km)
2026-09-12T19:00,270,3.2,272,8.1,ukmo_uk_deterministic_2km,False,90,Walls Close House (0.6km);Little Ouseburn (4.1km),92,Walls Close House (0.6km);Little Ouseburn (4.1km)
2026-09-12T20:00,262,3.6,268,8.3,ukmo_uk_deterministic_2km,False,82,Walls Close House (0.6km);Little Ouseburn (4.1km);Great Ouseburn (4.6km),88,Walls Close House (0.6km);Little Ouseburn (4.1km)
2026-09-12T21:00,254,0.9,280,4.0,ukmo_uk_deterministic_2km,True,74,,100,Walls Close House (0.6km);Little Ouseburn (4.1km);Whixley (4.1km);Green Hammerton (6.0km)
2026-09-12T22:00,238,1.3,268,3.3,ukmo_uk_deterministic_2km,True,58,,88,Walls Close House (0.6km);Little Ouseburn (4.1km)
2026-09-12T23:00,226,1.8,250,4.6,ukmo_uk_deterministic_2km,True,46,,70,Walls Close House (0.6km);Little Ouseburn (4.1km);Great Ouseburn (4.6km)
2026-09-13T00:00,238,2.1,264,4.4,ukmo_uk_deterministic_2km,False,58,Marton Cottage Farm (1.8km);Little Ouseburn (4.1km);Great Ouseburn (4.6km),84,Walls Close House (0.6km);Little Ouseburn (4.1km);Great Ouseburn (4.6km)
2026-09-13T01:00,298,1.2,282,3.3,ukmo_uk_deterministic_2km,True,118,,102,Walls Close House (0.6km);Whixley (4.1km);Green Hammerton (6.0km)
2026-09-13T02:00,42,1.5,18,1.1,ukmo_uk_deterministic_2km,True,222,,198,
2026-09-13T03:00,68,0.6,28,1.3,ukmo_uk_deterministic_2km,True,248,,208,
2026-09-13T04:00,96,0.4,24,1.7,ukmo_uk_deterministic_2km,True,276,,204,
2026-09-13T05:00,100,1.3,88,1.6,ukmo_uk_deterministic_2km,True,280,,268,
2026-09-13T06:00,50,1.8,50,3.1,ukmo_uk_deterministic_2km,True,230,,230,Clareton Village (1.0km);Coneythorpe (1.6km);Knaresborough (6.2km)
2026-09-13T07:00,44,2.4,34,4.0,ukmo_uk_deterministic_2km,False,224,Clareton Village (1.0km);Coneythorpe (1.6km);Flaxby (2.2km);Knaresborough (6.2km),214,Clareton Village (1.0km);Coneythorpe (1.6km);Flaxby (2.2km)
2026-09-13T08:00,346,0.8,4,1.4,ukmo_uk_deterministic_2km,True,166,,184,
2026-09-13T09:00,332,1.2,344,2.0,ukmo_uk_deterministic_2km,True,152,,164,Allerton Mauleverer (2.1km);Hopperton (3.3km)
2026-09-13T10:00,344,2.1,350,3.1,ukmo_uk_deterministic_2km,False,164,Allerton Mauleverer (2.1km);Hopperton (3.3km),170,Allerton Mauleverer (2.1km);Hopperton (3.3km)
2026-09-13T11:00,352,1.8,352,2.5,ukmo_uk_deterministic_2km,True,172,,172,Allerton Mauleverer (2.1km);Hopperton (3.3km)
2026-09-13T12:00,332,0.4,340,0.5,ukmo_uk_deterministic_2km,True,152,,160,
2026-09-13T13:00,242,0.6,240,0.9,ukmo_uk_deterministic_2km,True,62,,60,
2026-09-13T14:00,278,0.2,264,0.6,ukmo_uk_deterministic_2km,True,98,,84,
2026-09-13T15:00,192,1.6,200,2.3,ukmo_uk_deterministic_2km,True,12,,20,South Farm (0.4km);Mickledale Farm (1.8km);Marton Moor Farm (1.8km);Marton cum Grafton (3.3km)
2026-09-13T16:00,208,2.1,214,3.0,ukmo_uk_deterministic_2km,False,28,Marton Cottage Farm (1.8km);Marton cum Grafton (3.3km),34,Marton Cottage Farm (1.8km);Marton cum Grafton (3.3km)
2026-09-13T17:00,224,2.4,228,3.9,ukmo_uk_deterministic_2km,False,44,Marton Cottage Farm (1.8km);Marton cum Grafton (3.3km);Great Ouseburn (4.6km),48,Marton Cottage Farm (1.8km);Great Ouseburn (4.6km)
2026-09-13T18:00,232,1.0,244,2.4,ukmo_uk_deterministic_2km,True,52,,64,Marton Cottage Farm (1.8km);Little Ouseburn (4.1km);Great Ouseburn (4.6km)
2026-09-13T19:00,214,0.9,246,1.8,ukmo_uk_deterministic_2km,True,34,,66,
2026-09-13T20:00,148,1.6,196,1.2,ukmo_uk_deterministic_2km,True,328,,16,
2026-09-13T21:00,132,2.6,140,6.4,ukmo_uk_deterministic_2km,False,312,Thornbar Farm (0.7km);Arkendale (2.1km),320,Thornbar Farm (0.7km);Arkendale (2.1km)
2026-09-13T22:00,148,3.1,154,7.1,ukmo_uk_deterministic_2km,False,328,Thornbar Farm (0.7km),334,Thornbar Farm (0.7km)
2026-09-13T23:00,158,3.1,162,7.0,ukmo_uk_deterministic_2km,False,338,South Farm (0.4km);Mickledale Farm (1.8km);Marton Moor Farm (1.8km),342,South Farm (0.4km);Mickledale Farm (1.8km);Marton Moor Farm (1.8km)
2026-09-14T00:00,138,2.2,148,5.3,ukmo_uk_deterministic_2km,False,318,Thornbar Farm (0.7km);Arkendale (2.1km),328,Thornbar Farm (0.7km)
2026-09-14T01:00,146,1.8,164,4.7,ukmo_uk_deterministic_2km,True,326,,344,South Farm (0.4km);Mickledale Farm (1.8km);Marton Moor Farm (1.8km)
2026-09-14T02:00,140,2.1,172,4.3,ukmo_uk_deterministic_2km,False,320,Thornbar Farm (0.7km);Arkendale (2.1km),352,South Farm (0.4km);Mickledale Farm (1.8km);Marton Moor Farm (1.8km)
2026-09-14T03:00,150,2.1,208,4.1,ukmo_uk_deterministic_2km,False,330,Thornbar Farm (0.7km),28,Marton Cottage Farm (1.8km);Marton cum Grafton (3.3km)
2026-09-14T04:00,158,1.9,230,3.6,ukmo_uk_deterministic_2km,True,338,,50,Marton Cottage Farm (1.8km);Great Ouseburn (4.6km)
2026-09-14T05:00,176,1.1,250,3.8,ukmo_uk_deterministic_2km,True,356,,70,Walls Close House (0.6km);Little Ouseburn (4.1km);Great Ouseburn (4.6km)
2026-09-14T06:00,212,1.6,248,5.2,ukmo_uk_deterministic_2km,True,32,,68,Walls Close House (0.6km);Little Ouseburn (4.1km);Great Ouseburn (4.6km)
2026-09-14T07:00,192,2.2,234,4.8,ukmo_uk_deterministic_2km,False,12,South Farm (0.4km);Mickledale Farm (1.8km);Marton Moor Farm (1.8km);Marton cum Grafton (3.3km),54,Marton Cottage Farm (1.8km);Great Ouseburn (4.6km)
2026-09-14T08:00,228,3.2,232,4.8,ukmo_uk_deterministic_2km,False,48,Marton Cottage Farm (1.8km);Great Ouseburn (4.6km),52,Marton Cottage Farm (1.8km);Great Ouseburn (4.6km)
2026-09-14T09:00,228,3.7,230,5.7,ukmo_uk_deterministic_2km,False,48,Marton Cottage Farm (1.8km);Great Ouseburn (4.6km),50,Marton Cottage Farm (1.8km);Great Ouseburn (4.6km)
2026-09-14T10:00,220,3.9,222,5.8,ukmo_uk_deterministic_2km,False,40,Marton Cottage Farm (1.8km);Marton cum Grafton (3.3km),42,Marton Cottage Farm (1.8km);Marton cum Grafton (3.3km)
2026-09-14T11:00,224,3.7,226,5.4,ukmo_uk_deterministic_2km,False,44,Marton Cottage Farm (1.8km);Marton cum Grafton (3.3km);Great Ouseburn (4.6km),46,Marton Cottage Farm (1.8km);Great Ouseburn (4.6km)
2026-09-14T12:00,218,4.6,220,6.8,ukmo_uk_deterministic_2km,False,38,Marton Cottage Farm (1.8km);Marton cum Grafton (3.3km),40,Marton Cottage Farm (1.8km);Marton cum Grafton (3.3km)
2026-09-14T13:00,228,3.9,228,5.9,ukmo_uk_deterministic_2km,False,48,Marton Cottage Farm (1.8km);Great Ouseburn (4.6km),48,Marton Cottage Farm (1.8km);Great Ouseburn (4.6km)
2026-09-14T14:00,238,4.0,238,6.3,ukmo_uk_deterministic_2km,False,58,Marton Cottage Farm (1.8km);Little Ouseburn (4.1km);Great Ouseburn (4.6km),58,Marton Cottage Farm (1.8km);Little Ouseburn (4.1km);Great Ouseburn (4.6km)
2026-09-14T15:00,234,4.6,234,7.5,ukmo_uk_deterministic_2km,False,54,Marton Cottage Farm (1.8km);Great Ouseburn (4.6km),54,Marton Cottage Farm (1.8km);Great Ouseburn (4.6km)
2026-09-14T16:00,220,4.3,222,7.2,ukmo_uk_deterministic_2km,False,40,Marton Cottage Farm (1.8km);Marton cum Grafton (3.3km),42,Marton Cottage Farm (1.8km);Marton cum Grafton (3.3km)
2026-09-14T17:00,240,3.4,240,6.1,ukmo_uk_deterministic_2km,False,60,Marton Cottage Farm (1.8km);Little Ouseburn (4.1km);Great Ouseburn (4.6km),60,Marton Cottage Farm (1.8km);Little Ouseburn (4.1km);Great Ouseburn (4.6km)
2026-09-14T18:00,240,1.8,242,4.6,ukmo_uk_deterministic_2km,True,60,,62,Marton Cottage Farm (1.8km);Little Ouseburn (4.1km);Great Ouseburn (4.6km)
2026-09-14T19:00,244,4.0,250,8.9,ukmo_uk_deterministic_2km,False,64,Marton Cottage Farm (1.8km);Little Ouseburn (4.1km);Great Ouseburn (4.6km),70,Walls Close House (0.6km);Little Ouseburn (4.1km);Great Ouseburn (4.6km)
2026-09-14T20:00,222,3.2,228,8.6,ukmo_uk_deterministic_2km,False,42,Marton Cottage Farm (1.8km);Marton cum Grafton (3.3km),48,Marton Cottage Farm (1.8km);Great Ouseburn (4.6km)
2026-09-14T21:00,206,4.3,210,9.8,ukmo_uk_deterministic_2km,False,26,Marton Cottage Farm (1.8km);Marton cum Grafton (3.3km),30,Marton Cottage Farm (1.8km);Marton cum Grafton (3.3km)
2026-09-14T22:00,212,5.4,218,10.1,ukmo_uk_deterministic_2km,False,32,Marton Cottage Farm (1.8km);Marton cum Grafton (3.3km),38,Marton Cottage Farm (1.8km);Marton cum Grafton (3.3km)
2026-09-14T23:00,202,5.0,212,9.4,ukmo_uk_deterministic_2km,False,22,South Farm (0.4km);Mickledale Farm (1.8km);Marton Moor Farm (1.8km);Marton cum Grafton (3.3km),32,Marton Cottage Farm (1.8km);Marton cum Grafton (3.3km)
2026-09-15T00:00,196,5.0,208,9.1,ukmo_uk_deterministic_2km,False,16,South Farm (0.4km);Mickledale Farm (1.8km);Marton Moor Farm (1.8km);Marton cum Grafton (3.3km),28,Marton Cottage Farm (1.8km);Marton cum Grafton (3.3km)
2026-09-15T01:00,196,5.3,204,9.4,ukmo_uk_deterministic_2km,False,16,South Farm (0.4km);Mickledale Farm (1.8km);Marton Moor Farm (1.8km);Marton cum Grafton (3.3km),24,Marton Cottage Farm (1.8km);Marton cum Grafton (3.3km)
2026-09-15T02:00,206,4.5,212,8.4,ukmo_uk_deterministic_2km,False,26,Marton Cottage Farm (1.8km);Marton cum Grafton (3.3km),32,Marton Cottage Farm (1.8km);Marton cum Grafton (3.3km)
2026-09-15T03:00,208,6.2,212,11.4,ukmo_uk_deterministic_2km,False,28,Marton Cottage Farm (1.8km);Marton cum Grafton (3.3km),32,Marton Cottage Farm (1.8km);Marton cum Grafton (3.3km)
2026-09-15T04:00,204,5.8,210,10.8,ukmo_uk_deterministic_2km,False,24,Marton Cottage Farm (1.8km);Marton cum Grafton (3.3km),30,Marton Cottage Farm (1.8km);Marton cum Grafton (3.3km)
2026-09-15T05:00,224,6.0,226,11.3,ukmo_uk_deterministic_2km,False,44,Marton Cottage Farm (1.8km);Marton cum Grafton (3.3km);Great Ouseburn (4.6km),46,Marton Cottage Farm (1.8km);Great Ouseburn (4.6km)
2026-09-15T06:00,248,4.7,254,8.8,ukmo_uk_deterministic_2km,False,68,Walls Close House (0.6km);Little Ouseburn (4.1km);Great Ouseburn (4.6km),74,Walls Close House (0.6km);Little Ouseburn (4.1km);Great Ouseburn (4.6km)
2026-09-15T07:00,250,6.1,256,10.6,ukmo_uk_deterministic_2km,False,70,Walls Close House (0.6km);Little Ouseburn (4.1km);Great Ouseburn (4.6km),76,Walls Close House (0.6km);Little Ouseburn (4.1km);Great Ouseburn (4.6km)
2026-09-15T08:00,270,6.1,270,10.1,ukmo_uk_deterministic_2km,False,90,Walls Close House (0.6km);Little Ouseburn (4.1km),90,Walls Close House (0.6km);Little Ouseburn (4.1km)
2026-09-15T09:00,270,5.8,270,9.8,ukmo_uk_deterministic_2km,False,90,Walls Close House (0.6km);Little Ouseburn (4.1km),90,Walls Close House (0.6km);Little Ouseburn (4.1km)
2026-09-15T10:00,270,6.4,270,10.3,ukmo_uk_deterministic_2km,False,90,Walls Close House (0.6km);Little Ouseburn (4.1km),90,Walls Close House (0.6km);Little Ouseburn (4.1km)
2026-09-15T11:00,270,7.1,272,11.4,ukmo_uk_deterministic_2km,False,90,Walls Close House (0.6km);Little Ouseburn (4.1km),92,Walls Close House (0.6km);Little Ouseburn (4.1km)
2026-09-15T12:00,266,4.8,264,7.9,ukmo_uk_deterministic_2km,False,86,Walls Close House (0.6km);Little Ouseburn (4.1km);Great Ouseburn (4.6km),84,Walls Close House (0.6km);Little Ouseburn (4.1km);Great Ouseburn (4.6km)
2026-09-15T13:00,266,7.4,266,11.6,ukmo_uk_deterministic_2km,False,86,Walls Close House (0.6km);Little Ouseburn (4.1km);Great Ouseburn (4.6km),86,Walls Close House (0.6km);Little Ouseburn (4.1km);Great Ouseburn (4.6km)
2026-09-15T14:00,266,7.3,266,11.8,ukmo_uk_deterministic_2km,False,86,Walls Close House (0.6km);Little Ouseburn (4.1km);Great Ouseburn (4.6km),86,Walls Close House (0.6km);Little Ouseburn (4.1km);Great Ouseburn (4.6km)
2026-09-15T15:00,266,7.6,268,11.8,ukmo_uk_deterministic_2km,False,86,Walls Close House (0.6km);Little Ouseburn (4.1km);Great Ouseburn (4.6km),88,Walls Close House (0.6km);Little Ouseburn (4.1km)
2026-09-15T16:00,270,6.8,270,11.0,ukmo_uk_deterministic_2km,False,90,Walls Close House (0.6km);Little Ouseburn (4.1km),90,Walls Close House (0.6km);Little Ouseburn (4.1km)
2026-09-15T17:00,270,5.1,270,8.5,ukmo_uk_deterministic_2km,False,90,Walls Close House (0.6km);Little Ouseburn (4.1km),90,Walls Close House (0.6km);Little Ouseburn (4.1km)
2026-09-15T18:00,266,4.6,270,9.1,ukmo_uk_deterministic_2km,False,86,Walls Close House (0.6km);Little Ouseburn (4.1km);Great Ouseburn (4.6km),90,Walls Close House (0.6km);Little Ouseburn (4.1km)
2026-09-15T19:00,274,3.8,278,8.1,ukmo_uk_deterministic_2km,False,94,Walls Close House (0.6km);Little Ouseburn (4.1km);Whixley (4.1km),98,Walls Close House (0.6km);Little Ouseburn (4.1km);Whixley (4.1km);Green Hammerton (6.0km)
2026-09-15T20:00,268,4.1,274,8.8,ukmo_uk_deterministic_2km,False,88,Walls Close House (0.6km);Little Ouseburn (4.1km),94,Walls Close House (0.6km);Little Ouseburn (4.1km);Whixley (4.1km)
2026-09-15T21:00,266,4.3,274,8.9,ukmo_uk_deterministic_2km,False,86,Walls Close House (0.6km);Little Ouseburn (4.1km);Great Ouseburn (4.6km),94,Walls Close House (0.6km);Little Ouseburn (4.1km);Whixley (4.1km)
2026-09-15T22:00,260,3.8,276,7.9,ukmo_uk_deterministic_2km,False,80,Walls Close House (0.6km);Little Ouseburn (4.1km);Great Ouseburn (4.6km),96,Walls Close House (0.6km);Little Ouseburn (4.1km);Whixley (4.1km);Green Hammerton (6.0km)
2026-09-15T23:00,254,3.6,266,7.8,ukmo_uk_deterministic_2km,False,74,Walls Close House (0.6km);Little Ouseburn (4.1km);Great Ouseburn (4.6km),86,Walls Close House (0.6km);Little Ouseburn (4.1km);Great Ouseburn (4.6km)
2026-09-16T00:00,266,4.9,270,9.8,ukmo_uk_deterministic_2km,False,86,Walls Close House (0.6km);Little Ouseburn (4.1km);Great Ouseburn (4.6km),90,Walls Close House (0.6km);Little Ouseburn (4.1km)
2026-09-16T01:00,266,3.9,274,8.4,ukmo_uk_deterministic_2km,False,86,Walls Close House (0.6km);Little Ouseburn (4.1km);Great Ouseburn (4.6km),94,Walls Close House (0.6km);Little Ouseburn (4.1km);Whixley (4.1km)
2026-09-16T02:00,278,4.3,284,8.9,ukmo_uk_deterministic_2km,False,98,Walls Close House (0.6km);Little Ouseburn (4.1km);Whixley (4.1km);Green Hammerton (6.0km),104,Walls Close House (0.6km);Whixley (4.1km);Green Hammerton (6.0km)
2026-09-16T03:00,280,3.1,288,7.5,ukmo_uk_deterministic_2km,False,100,Walls Close House (0.6km);Little Ouseburn (4.1km);Whixley (4.1km);Green Hammerton (6.0km),108,Walls Close House (0.6km);Whixley (4.1km);Green Hammerton (6.0km)
2026-09-16T04:00,270,3.1,290,6.6,ukmo_uk_deterministic_2km,False,90,Walls Close House (0.6km);Little Ouseburn (4.1km),110,Walls Close House (0.6km);Whixley (4.1km);Green Hammerton (6.0km)
2026-09-16T05:00,268,2.1,288,4.7,ukmo_uk_deterministic_2km,False,88,Walls Close House (0.6km);Little Ouseburn (4.1km),108,Walls Close House (0.6km);Whixley (4.1km);Green Hammerton (6.0km)
2026-09-16T06:00,268,1.6,294,3.5,ukmo_uk_deterministic_2km,True,88,,114,Allerton Castle (1.9km);Whixley (4.1km);Green Hammerton (6.0km)
2026-09-16T07:00,288,2.9,298,5.6,ukmo_uk_deterministic_2km,False,108,Walls Close House (0.6km);Whixley (4.1km);Green Hammerton (6.0km),118,Allerton Castle (1.9km);Whixley (4.1km);Green Hammerton (6.0km)
2026-09-16T08:00,320,3.6,320,6.1,ukmo_uk_deterministic_2km,False,140,Allerton Castle (1.9km);Allerton Mauleverer (2.1km);Hopperton (3.3km);Green Hammerton (6.0km),140,Allerton Castle (1.9km);Allerton Mauleverer (2.1km);Hopperton (3.3km);Green Hammerton (6.0km)
2026-09-16T09:00,326,4.1,326,6.3,ukmo_uk_deterministic_2km,False,146,Allerton Castle (1.9km);Allerton Mauleverer (2.1km);Hopperton (3.3km),146,Allerton Castle (1.9km);Allerton Mauleverer (2.1km);Hopperton (3.3km)
2026-09-16T10:00,320,4.0,322,6.2,ukmo_uk_deterministic_2km,False,140,Allerton Castle (1.9km);Allerton Mauleverer (2.1km);Hopperton (3.3km);Green Hammerton (6.0km),142,Allerton Castle (1.9km);Allerton Mauleverer (2.1km);Hopperton (3.3km)
2026-09-16T11:00,310,4.1,312,6.1,ukmo_uk_deterministic_2km,False,130,Allerton Castle (1.9km);Hopperton (3.3km);Whixley (4.1km);Green Hammerton (6.0km),132,Allerton Castle (1.9km);Allerton Mauleverer (2.1km);Hopperton (3.3km);Whixley (4.1km);Green Hammerton (6.0km)
2026-09-16T12:00,310,2.4,312,4.0,ukmo_uk_deterministic_2km,False,130,Allerton Castle (1.9km);Hopperton (3.3km);Whixley (4.1km);Green Hammerton (6.0km),132,Allerton Castle (1.9km);Allerton Mauleverer (2.1km);Hopperton (3.3km);Whixley (4.1km);Green Hammerton (6.0km)
2026-09-16T13:00,278,4.3,280,6.3,ukmo_uk_deterministic_2km,False,98,Walls Close House (0.6km);Little Ouseburn (4.1km);Whixley (4.1km);Green Hammerton (6.0km),100,Walls Close House (0.6km);Little Ouseburn (4.1km);Whixley (4.1km);Green Hammerton (6.0km)
2026-09-16T14:00,254,2.7,254,4.4,ukmo_uk_deterministic_2km,False,74,Walls Close House (0.6km);Little Ouseburn (4.1km);Great Ouseburn (4.6km),74,Walls Close House (0.6km);Little Ouseburn (4.1km);Great Ouseburn (4.6km)
2026-09-16T15:00,260,6.2,262,9.6,ukmo_uk_deterministic_2km,False,80,Walls Close House (0.6km);Little Ouseburn (4.1km);Great Ouseburn (4.6km),82,Walls Close House (0.6km);Little Ouseburn (4.1km);Great Ouseburn (4.6km)
2026-09-16T16:00,262,6.1,264,9.7,ukmo_uk_deterministic_2km,False,82,Walls Close House (0.6km);Little Ouseburn (4.1km);Great Ouseburn (4.6km),84,Walls Close House (0.6km);Little Ouseburn (4.1km);Great Ouseburn (4.6km)
2026-09-16T17:00,262,6.3,262,9.9,ukmo_uk_deterministic_2km,False,82,Walls Close House (0.6km);Little Ouseburn (4.1km);Great Ouseburn (4.6km),82,Walls Close House (0.6km);Little Ouseburn (4.1km);Great Ouseburn (4.6km)
2026-09-16T18:00,256,4.9,258,9.3,ukmo_uk_deterministic_2km,False,76,Walls Close House (0.6km);Little Ouseburn (4.1km);Great Ouseburn (4.6km),78,Walls Close House (0.6km);Little Ouseburn (4.1km);Great Ouseburn (4.6km)
2026-09-16T19:00,254,4.8,254,9.1,ukmo_uk_deterministic_2km,False,74,Walls Close House (0.6km);Little Ouseburn (4.1km);Great Ouseburn (4.6km),74,Walls Close House (0.6km);Little Ouseburn (4.1km);Great Ouseburn (4.6km)
2026-09-16T20:00,240,2.9,248,6.3,ukmo_uk_deterministic_2km,False,60,Marton Cottage Farm (1.8km);Little Ouseburn (4.1km);Great Ouseburn (4.6km),68,Walls Close House (0.6km);Little Ouseburn (4.1km);Great Ouseburn (4.6km)
2026-09-16T21:00,210,3.8,218,7.4,ukmo_uk_deterministic_2km,False,30,Marton Cottage Farm (1.8km);Marton cum Grafton (3.3km),38,Marton Cottage Farm (1.8km);Marton cum Grafton (3.3km)
2026-09-16T22:00,196,4.3,204,8.6,ukmo_uk_deterministic_2km,False,16,South Farm (0.4km);Mickledale Farm (1.8km);Marton Moor Farm (1.8km);Marton cum Grafton (3.3km),24,Marton Cottage Farm (1.8km);Marton cum Grafton (3.3km)
2026-09-16T23:00,206,5.9,210,11.1,ukmo_uk_deterministic_2km,False,26,Marton Cottage Farm (1.8km);Marton cum Grafton (3.3km),30,Marton Cottage Farm (1.8km);Marton cum Grafton (3.3km)
2026-09-17T00:00,196,5.1,202,9.9,ukmo_uk_deterministic_2km,False,16,South Farm (0.4km);Mickledale Farm (1.8km);Marton Moor Farm (1.8km);Marton cum Grafton (3.3km),22,South Farm (0.4km);Mickledale Farm (1.8km);Marton Moor Farm (1.8km);Marton cum Grafton (3.3km)
2026-09-17T01:00,194,5.2,200,9.3,ukmo_uk_deterministic_2km,False,14,South Farm (0.4km);Mickledale Farm (1.8km);Marton Moor Farm (1.8km);Marton cum Grafton (3.3km),20,South Farm (0.4km);Mickledale Farm (1.8km);Marton Moor Farm (1.8km);Marton cum Grafton (3.3km)
2026-09-17T02:00,202,5.0,208,9.3,ukmo_uk_deterministic_2km,False,22,South Farm (0.4km);Mickledale Farm (1.8km);Marton Moor Farm (1.8km);Marton cum Grafton (3.3km),28,Marton Cottage Farm (1.8km);Marton cum Grafton (3.3km)
2026-09-17T03:00,210,5.7,214,10.3,ukmo_uk_deterministic_2km,False,30,Marton Cottage Farm (1.8km);Marton cum Grafton (3.3km),34,Marton Cottage Farm (1.8km);Marton cum Grafton (3.3km)
2026-09-17T04:00,218,5.9,220,11.1,ukmo_uk_deterministic_2km,False,38,Marton Cottage Farm (1.8km);Marton cum Grafton (3.3km),40,Marton Cottage Farm (1.8km);Marton cum Grafton (3.3km)
2026-09-17T05:00,224,5.2,228,9.6,ukmo_uk_deterministic_2km,False,44,Marton Cottage Farm (1.8km);Marton cum Grafton (3.3km);Great Ouseburn (4.6km),48,Marton Cottage Farm (1.8km);Great Ouseburn (4.6km)
2026-09-17T06:00,230,3.6,248,7.9,ukmo_uk_deterministic_2km,False,50,Marton Cottage Farm (1.8km);Great Ouseburn (4.6km),68,Walls Close House (0.6km);Little Ouseburn (4.1km);Great Ouseburn (4.6km)
2026-09-17T07:00,262,4.0,270,7.9,ukmo_uk_deterministic_2km,False,82,Walls Close House (0.6km);Little Ouseburn (4.1km);Great Ouseburn (4.6km),90,Walls Close House (0.6km);Little Ouseburn (4.1km)
2026-09-17T08:00,278,6.0,278,10.2,ukmo_uk_deterministic_2km,False,98,Walls Close House (0.6km);Little Ouseburn (4.1km);Whixley (4.1km);Green Hammerton (6.0km),98,Walls Close House (0.6km);Little Ouseburn (4.1km);Whixley (4.1km);Green Hammerton (6.0km)
2026-09-17T09:00,276,5.9,278,9.4,ukmo_uk_deterministic_2km,False,96,Walls Close House (0.6km);Little Ouseburn (4.1km);Whixley (4.1km);Green Hammerton (6.0km),98,Walls Close House (0.6km);Little Ouseburn (4.1km);Whixley (4.1km);Green Hammerton (6.0km)
2026-09-17T10:00,262,6.6,264,11.1,ukmo_uk_deterministic_2km,False,82,Walls Close House (0.6km);Little Ouseburn (4.1km);Great Ouseburn (4.6km),84,Walls Close House (0.6km);Little Ouseburn (4.1km);Great Ouseburn (4.6km)
2026-09-17T11:00,276,5.6,274,9.3,ukmo_uk_deterministic_2km,False,96,Walls Close House (0.6km);Little Ouseburn (4.1km);Whixley (4.1km);Green Hammerton (6.0km),94,Walls Close House (0.6km);Little Ouseburn (4.1km);Whixley (4.1km)
2026-09-17T12:00,262,7.7,264,12.7,ukmo_uk_deterministic_2km,False,82,Walls Close House (0.6km);Little Ouseburn (4.1km);Great Ouseburn (4.6km),84,Walls Close House (0.6km);Little Ouseburn (4.1km);Great Ouseburn (4.6km)
2026-09-17T13:00,266,8.9,266,14.3,ukmo_uk_deterministic_2km,False,86,Walls Close House (0.6km);Little Ouseburn (4.1km);Great Ouseburn (4.6km),86,Walls Close House (0.6km);Little Ouseburn (4.1km);Great Ouseburn (4.6km)
2026-09-17T14:00,260,8.6,260,13.8,ukmo_uk_deterministic_2km,False,80,Walls Close House (0.6km);Little Ouseburn (4.1km);Great Ouseburn (4.6km),80,Walls Close House (0.6km);Little Ouseburn (4.1km);Great Ouseburn (4.6km)
2026-09-17T15:00,264,8.7,264,13.6,ukmo_uk_deterministic_2km,False,84,Walls Close House (0.6km);Little Ouseburn (4.1km);Great Ouseburn (4.6km),84,Walls Close House (0.6km);Little Ouseburn (4.1km);Great Ouseburn (4.6km)
2026-09-17T16:00,252,7.9,252,12.3,ukmo_uk_deterministic_2km,False,72,Walls Close House (0.6km);Little Ouseburn (4.1km);Great Ouseburn (4.6km),72,Walls Close House (0.6km);Little Ouseburn (4.1km);Great Ouseburn (4.6km)
2026-09-17T17:00,254,7.8,256,13.3,ukmo_uk_deterministic_2km,False,74,Walls Close House (0.6km);Little Ouseburn (4.1km);Great Ouseburn (4.6km),76,Walls Close House (0.6km);Little Ouseburn (4.1km);Great Ouseburn (4.6km)
2026-09-17T18:00,260,5.9,260,10.6,ukmo_uk_deterministic_2km,False,80,Walls Close House (0.6km);Little Ouseburn (4.1km);Great Ouseburn (4.6km),80,Walls Close House (0.6km);Little Ouseburn (4.1km);Great Ouseburn (4.6km)
2026-09-17T19:00,262,3.8,266,7.8,ukmo_uk_deterministic_2km,False,82,Walls Close House (0.6km);Little Ouseburn (4.1km);Great Ouseburn (4.6km),86,Walls Close House (0.6km);Little Ouseburn (4.1km);Great Ouseburn (4.6km)
2026-09-17T20:00,262,4.9,264,10.1,ukmo_uk_deterministic_2km,False,82,Walls Close House (0.6km);Little Ouseburn (4.1km);Great Ouseburn (4.6km),84,Walls Close House (0.6km);Little Ouseburn (4.1km);Great Ouseburn (4.6km)
2026-09-17T21:00,268,4.7,276,9.3,ukmo_uk_deterministic_2km,False,88,Walls Close House (0.6km);Little Ouseburn (4.1km),96,Walls Close House (0.6km);Little Ouseburn (4.1km);Whixley (4.1km);Green Hammerton (6.0km)
2026-09-17T22:00,260,3.3,268,8.3,ukmo_uk_deterministic_2km,False,80,Walls Close House (0.6km);Little Ouseburn (4.1km);Great Ouseburn (4.6km),88,Walls Close House (0.6km);Little Ouseburn (4.1km)
2026-09-17T23:00,230,3.4,252,7.6,ukmo_uk_deterministic_2km,False,50,Marton Cottage Farm (1.8km);Great Ouseburn (4.6km),72,Walls Close House (0.6km);Little Ouseburn (4.1km);Great Ouseburn (4.6km)
2026-09-18T00:00,242,2.9,250,6.8,ukmo_uk_deterministic_2km,False,62,Marton Cottage Farm (1.8km);Little Ouseburn (4.1km);Great Ouseburn (4.6km),70,Walls Close House (0.6km);Little Ouseburn (4.1km);Great Ouseburn (4.6km)
2026-09-18T01:00,250,3.4,256,7.3,ukmo_uk_deterministic_2km,False,70,Walls Close House (0.6km);Little Ouseburn (4.1km);Great Ouseburn (4.6km),76,Walls Close House (0.6km);Little Ouseburn (4.1km);Great Ouseburn (4.6km)
2026-09-18T02:00,246,2.4,266,6.1,ukmo_uk_deterministic_2km,False,66,Marton Cottage Farm (1.8km);Little Ouseburn (4.1km);Great Ouseburn (4.6km),86,Walls Close House (0.6km);Little Ouseburn (4.1km);Great Ouseburn (4.6km)
2026-09-18T03:00,262,4.1,268,8.8,ukmo_uk_deterministic_2km,False,82,Walls Close House (0.6km);Little Ouseburn (4.1km);Great Ouseburn (4.6km),88,Walls Close House (0.6km);Little Ouseburn (4.1km)
2026-09-18T04:00,242,4.1,250,8.4,ukmo_uk_deterministic_2km,False,62,Marton Cottage Farm (1.8km);Little Ouseburn (4.1km);Great Ouseburn (4.6km),70,Walls Close House (0.6km);Little Ouseburn (4.1km);Great Ouseburn (4.6km)
2026-09-18T05:00,242,3.4,254,7.0,ukmo_uk_deterministic_2km,False,62,Marton Cottage Farm (1.8km);Little Ouseburn (4.1km);Great Ouseburn (4.6km),74,Walls Close House (0.6km);Little Ouseburn (4.1km);Great Ouseburn (4.6km)
2026-09-18T06:00,252,3.1,262,6.6,ukmo_uk_deterministic_2km,False,72,Walls Close House (0.6km);Little Ouseburn (4.1km);Great Ouseburn (4.6km),82,Walls Close House (0.6km);Little Ouseburn (4.1km);Great Ouseburn (4.6km)
2026-09-18T07:00,236,3.2,250,6.1,ukmo_uk_deterministic_2km,False,56,Marton Cottage Farm (1.8km);Great Ouseburn (4.6km),70,Walls Close House (0.6km);Little Ouseburn (4.1km);Great Ouseburn (4.6km)
2026-09-18T08:00,232,4.6,236,7.1,ukmo_uk_deterministic_2km,False,52,Marton Cottage Farm (1.8km);Great Ouseburn (4.6km),56,Marton Cottage Farm (1.8km);Great Ouseburn (4.6km)
2026-09-18T09:00,240,5.8,244,9.3,ukmo_uk_deterministic_2km,False,60,Marton Cottage Farm (1.8km);Little Ouseburn (4.1km);Great Ouseburn (4.6km),64,Marton Cottage Farm (1.8km);Little Ouseburn (4.1km);Great Ouseburn (4.6km)
2026-09-18T10:00,242,6.2,244,10.1,ukmo_uk_deterministic_2km,False,62,Marton Cottage Farm (1.8km);Little Ouseburn (4.1km);Great Ouseburn (4.6km),64,Marton Cottage Farm (1.8km);Little Ouseburn (4.1km);Great Ouseburn (4.6km)
2026-09-18T11:00,222,5.8,222,9.1,ukmo_uk_deterministic_2km,False,42,Marton Cottage Farm (1.8km);Marton cum Grafton (3.3km),42,Marton Cottage Farm (1.8km);Marton cum Grafton (3.3km)
2026-09-18T12:00,232,5.1,234,8.8,ukmo_uk_deterministic_2km,False,52,Marton Cottage Farm (1.8km);Great Ouseburn (4.6km),54,Marton Cottage Farm (1.8km);Great Ouseburn (4.6km)
2026-09-18T13:00,230,5.7,232,9.8,ukmo_uk_deterministic_2km,False,50,Marton Cottage Farm (1.8km);Great Ouseburn (4.6km),52,Marton Cottage Farm (1.8km);Great Ouseburn (4.6km)
2026-09-18T14:00,216,7.1,216,11.8,ukmo_uk_deterministic_2km,False,36,Marton Cottage Farm (1.8km);Marton cum Grafton (3.3km),36,Marton Cottage Farm (1.8km);Marton cum Grafton (3.3km)
2026-09-18T15:00,204,7.3,204,11.9,ukmo_uk_deterministic_2km,False,24,Marton Cottage Farm (1.8km);Marton cum Grafton (3.3km),24,Marton Cottage Farm (1.8km);Marton cum Grafton (3.3km)
2026-09-18T16:00,210,7.3,212,11.9,ukmo_uk_deterministic_2km,False,30,Marton Cottage Farm (1.8km);Marton cum Grafton (3.3km),32,Marton Cottage Farm (1.8km);Marton cum Grafton (3.3km)
2026-09-18T17:00,214,7.2,214,12.4,ukmo_uk_deterministic_2km,False,34,Marton Cottage Farm (1.8km);Marton cum Grafton (3.3km),34,Marton Cottage Farm (1.8km);Marton cum Grafton (3.3km)
2026-09-18T18:00,206,6.6,208,12.1,ukmo_uk_deterministic_2km,False,26,Marton Cottage Farm (1.8km);Marton cum Grafton (3.3km),28,Marton Cottage Farm (1.8km);Marton cum Grafton (3.3km)
2026-09-18T19:00,220,7.1,220,13.4,ukmo_uk_deterministic_2km,False,40,Marton Cottage Farm (1.8km);Marton cum Grafton (3.3km),40,Marton Cottage Farm (1.8km);Marton cum Grafton (3.3km)
2026-09-18T20:00,212,5.7,216,12.2,ukmo_uk_deterministic_2km,False,32,Marton Cottage Farm (1.8km);Marton cum Grafton (3.3km),36,Marton Cottage Farm (1.8km);Marton cum Grafton (3.3km)
2026-09-18T21:00,202,5.1,210,9.5,ukmo_uk_deterministic_2km,False,22,South Farm (0.4km);Mickledale Farm (1.8km);Marton Moor Farm (1.8km);Marton cum Grafton (3.3km),30,Marton Cottage Farm (1.8km);Marton cum Grafton (3.3km)
2026-09-18T22:00,206,4.9,214,9.6,ukmo_uk_deterministic_2km,False,26,Marton Cottage Farm (1.8km);Marton cum Grafton (3.3km),34,Marton Cottage Farm (1.8km);Marton cum Grafton (3.3km)
2026-09-18T23:00,218,5.2,224,10.6,ukmo_uk_deterministic_2km,False,38,Marton Cottage Farm (1.8km);Marton cum Grafton (3.3km),44,Marton Cottage Farm (1.8km);Marton cum Grafton (3.3km);Great Ouseburn (4.6km)
2026-09-19T00:00,220,4.9,230,9.8,ukmo_uk_deterministic_2km,False,40,Marton Cottage Farm (1.8km);Marton cum Grafton (3.3km),50,Marton Cottage Farm (1.8km);Great Ouseburn (4.6km)
2026-09-19T01:00,226,6.4,226,11.9,ukmo_uk_deterministic_2km,False,46,Marton Cottage Farm (1.8km);Great Ouseburn (4.6km),46,Marton Cottage Farm (1.8km);Great Ouseburn (4.6km)
2026-09-19T02:00,218,5.9,224,11.4,ukmo_uk_deterministic_2km,False,38,Marton Cottage Farm (1.8km);Marton cum Grafton (3.3km),44,Marton Cottage Farm (1.8km);Marton cum Grafton (3.3km);Great Ouseburn (4.6km)
2026-09-19T03:00,228,5.9,232,11.3,ukmo_uk_deterministic_2km,False,48,Marton Cottage Farm (1.8km);Great Ouseburn (4.6km),52,Marton Cottage Farm (1.8km);Great Ouseburn (4.6km)
2026-09-19T04:00,240,6.9,242,12.5,ukmo_uk_deterministic_2km,False,60,Marton Cottage Farm (1.8km);Little Ouseburn (4.1km);Great Ouseburn (4.6km),62,Marton Cottage Farm (1.8km);Little Ouseburn (4.1km);Great Ouseburn (4.6km)
2026-09-19T05:00,228,5.6,234,12.6,ukmo_uk_deterministic_2km,False,48,Marton Cottage Farm (1.8km);Great Ouseburn (4.6km),54,Marton Cottage Farm (1.8km);Great Ouseburn (4.6km)
2026-09-19T06:00,242,7.6,234,14.0,ukmo_uk_deterministic_2km,False,62,Marton Cottage Farm (1.8km);Little Ouseburn (4.1km);Great Ouseburn (4.6km),54,Marton Cottage Farm (1.8km);Great Ouseburn (4.6km)
2026-09-19T07:00,250,8.0,254,12.1,ukmo_uk_deterministic_2km,False,70,Walls Close House (0.6km);Little Ouseburn (4.1km);Great Ouseburn (4.6km),74,Walls Close House (0.6km);Little Ouseburn (4.1km);Great Ouseburn (4.6km)
2026-09-19T08:00,252,5.7,254,9.8,ukmo_uk_deterministic_2km,False,72,Walls Close House (0.6km);Little Ouseburn (4.1km);Great Ouseburn (4.6km),74,Walls Close House (0.6km);Little Ouseburn (4.1km);Great Ouseburn (4.6km)
2026-09-19T09:00,252,8.6,254,12.7,ukmo_uk_deterministic_2km,False,72,Walls Close House (0.6km);Little Ouseburn (4.1km);Great Ouseburn (4.6km),74,Walls Close House (0.6km);Little Ouseburn (4.1km);Great Ouseburn (4.6km)
2026-09-19T10:00,256,7.6,258,12.7,ukmo_uk_deterministic_2km,False,76,Walls Close House (0.6km);Little Ouseburn (4.1km);Great Ouseburn (4.6km),78,Walls Close House (0.6km);Little Ouseburn (4.1km);Great Ouseburn (4.6km)
2026-09-19T11:00,256,9.3,256,14.9,ukmo_uk_deterministic_2km,False,76,Walls Close House (0.6km);Little Ouseburn (4.1km);Great Ouseburn (4.6km),76,Walls Close House (0.6km);Little Ouseburn (4.1km);Great Ouseburn (4.6km)
2026-09-19T12:00,254,10.4,254,14.9,ukmo_uk_deterministic_2km,False,74,Walls Close House (0.6km);Little Ouseburn (4.1km);Great Ouseburn (4.6km),74,Walls Close House (0.6km);Little Ouseburn (4.1km);Great Ouseburn (4.6km)
2026-09-19T13:00,254,8.9,254,14.4,ukmo_uk_deterministic_2km,False,74,Walls Close House (0.6km);Little Ouseburn (4.1km);Great Ouseburn (4.6km),74,Walls Close House (0.6km);Little Ouseburn (4.1km);Great Ouseburn (4.6km)
2026-09-19T14:00,256,8.2,256,13.2,ukmo_uk_deterministic_2km,False,76,Walls Close House (0.6km);Little Ouseburn (4.1km);Great Ouseburn (4.6km),76,Walls Close House (0.6km);Little Ouseburn (4.1km);Great Ouseburn (4.6km)
2026-09-19T15:00,256,7.8,258,10.4,ukmo_uk_deterministic_2km,False,76,Walls Close House (0.6km);Little Ouseburn (4.1km);Great Ouseburn (4.6km),78,Walls Close House (0.6km);Little Ouseburn (4.1km);Great Ouseburn (4.6km)
2026-09-19T16:00,254,6.1,256,10.1,ukmo_uk_deterministic_2km,False,74,Walls Close House (0.6km);Little Ouseburn (4.1km);Great Ouseburn (4.6km),76,Walls Close House (0.6km);Little Ouseburn (4.1km);Great Ouseburn (4.6km)
2026-09-19T17:00,250,6.9,254,12.1,ukmo_uk_deterministic_2km,False,70,Walls Close House (0.6km);Little Ouseburn (4.1km);Great Ouseburn (4.6km),74,Walls Close House (0.6km);Little Ouseburn (4.1km);Great Ouseburn (4.6km)
2026-09-19T18:00,250,6.9,252,12.6,ukmo_uk_deterministic_2km,False,70,Walls Close House (0.6km);Little Ouseburn (4.1km);Great Ouseburn (4.6km),72,Walls Close House (0.6km);Little Ouseburn (4.1km);Great Ouseburn (4.6km)
2026-09-19T19:00,248,4.8,250,9.6,ukmo_uk_deterministic_2km,False,68,Walls Close House (0.6km);Little Ouseburn (4.1km);Great Ouseburn (4.6km),70,Walls Close House (0.6km);Little Ouseburn (4.1km);Great Ouseburn (4.6km)
2026-09-19T20:00,244,4.7,248,9.6,ukmo_uk_deterministic_2km,False,64,Marton Cottage Farm (1.8km);Little Ouseburn (4.1km);Great Ouseburn (4.6km),68,Walls Close House (0.6km);Little Ouseburn (4.1km);Great Ouseburn (4.6km)
2026-09-19T21:00,244,6.1,250,11.8,ukmo_uk_deterministic_2km,False,64,Marton Cottage Farm (1.8km);Little Ouseburn (4.1km);Great Ouseburn (4.6km),70,Walls Close House (0.6km);Little Ouseburn (4.1km);Great Ouseburn (4.6km)
2026-09-19T22:00,266,3.9,264,8.8,ukmo_uk_deterministic_2km,False,86,Walls Close House (0.6km);Little Ouseburn (4.1km);Great Ouseburn (4.6km),84,Walls Close House (0.6km);Little Ouseburn (4.1km);Great Ouseburn (4.6km)
2026-09-19T23:00,258,2.6,262,6.8,ukmo_uk_deterministic_2km,False,78,Walls Close House (0.6km);Little Ouseburn (4.1km);Great Ouseburn (4.6km),82,Walls Close House (0.6km);Little Ouseburn (4.1km);Great Ouseburn (4.6km)
2026-09-20T00:00,308,3.5,302,6.8,ukmo_uk_deterministic_2km,False,128,Allerton Castle (1.9km);Whixley (4.1km);Green Hammerton (6.0km),122,Allerton Castle (1.9km);Whixley (4.1km);Green Hammerton (6.0km)
2026-09-20T01:00,232,1.8,258,3.6,ukmo_uk_deterministic_2km,True,52,,78,Walls Close House (0.6km);Little Ouseburn (4.1km);Great Ouseburn (4.6km)
2026-09-20T02:00,238,2.6,260,4.3,ukmo_uk_deterministic_2km,False,58,Marton Cottage Farm (1.8km);Little Ouseburn (4.1km);Great Ouseburn (4.6km),80,Walls Close House (0.6km);Little Ouseburn (4.1km);Great Ouseburn (4.6km)
2026-09-20T03:00,288,2.9,286,6.4,ukmo_uk_deterministic_2km,False,108,Walls Close House (0.6km);Whixley (4.1km);Green Hammerton (6.0km),106,Walls Close House (0.6km);Whixley (4.1km);Green Hammerton (6.0km)
2026-09-20T04:00,268,4.3,278,8.6,ukmo_uk_deterministic_2km,False,88,Walls Close House (0.6km);Little Ouseburn (4.1km),98,Walls Close House (0.6km);Little Ouseburn (4.1km);Whixley (4.1km);Green Hammerton (6.0km)
2026-09-20T05:00,266,4.3,274,9.1,ukmo_uk_deterministic_2km,False,86,Walls Close House (0.6km);Little Ouseburn (4.1km);Great Ouseburn (4.6km),94,Walls Close House (0.6km);Little Ouseburn (4.1km);Whixley (4.1km)
2026-09-20T06:00,264,3.9,270,8.7,ukmo_uk_deterministic_2km,False,84,Walls Close House (0.6km);Little Ouseburn (4.1km);Great Ouseburn (4.6km),90,Walls Close House (0.6km);Little Ouseburn (4.1km)
2026-09-20T07:00,248,3.6,258,7.6,ukmo_uk_deterministic_2km,False,68,Walls Close House (0.6km);Little Ouseburn (4.1km);Great Ouseburn (4.6km),78,Walls Close House (0.6km);Little Ouseburn (4.1km);Great Ouseburn (4.6km)
2026-09-20T08:00,268,5.4,270,9.1,ukmo_uk_deterministic_2km,False,88,Walls Close House (0.6km);Little Ouseburn (4.1km),90,Walls Close House (0.6km);Little Ouseburn (4.1km)
2026-09-20T09:00,280,6.6,282,10.6,ukmo_uk_deterministic_2km,False,100,Walls Close House (0.6km);Little Ouseburn (4.1km);Whixley (4.1km);Green Hammerton (6.0km),102,Walls Close House (0.6km);Whixley (4.1km);Green Hammerton (6.0km)
2026-09-20T10:00,290,5.6,292,9.1,ukmo_uk_deterministic_2km,False,110,Walls Close House (0.6km);Whixley (4.1km);Green Hammerton (6.0km),112,Walls Close House (0.6km);Whixley (4.1km);Green Hammerton (6.0km)
2026-09-20T11:00,278,6.3,280,9.8,ukmo_uk_deterministic_2km,False,98,Walls Close House (0.6km);Little Ouseburn (4.1km);Whixley (4.1km);Green Hammerton (6.0km),100,Walls Close House (0.6km);Little Ouseburn (4.1km);Whixley (4.1km);Green Hammerton (6.0km)
2026-09-20T12:00,280,7.1,282,11.2,ukmo_uk_deterministic_2km,False,100,Walls Close House (0.6km);Little Ouseburn (4.1km);Whixley (4.1km);Green Hammerton (6.0km),102,Walls Close House (0.6km);Whixley (4.1km);Green Hammerton (6.0km)
2026-09-20T13:00,286,6.9,288,10.8,ukmo_uk_deterministic_2km,False,106,Walls Close House (0.6km);Whixley (4.1km);Green Hammerton (6.0km),108,Walls Close House (0.6km);Whixley (4.1km);Green Hammerton (6.0km)
2026-09-20T14:00,288,6.4,288,10.0,ukmo_uk_deterministic_2km,False,108,Walls Close House (0.6km);Whixley (4.1km);Green Hammerton (6.0km),108,Walls Close House (0.6km);Whixley (4.1km);Green Hammerton (6.0km)
2026-09-20T15:00,278,6.4,280,10.1,ukmo_uk_deterministic_2km,False,98,Walls Close House (0.6km);Little Ouseburn (4.1km);Whixley (4.1km);Green Hammerton (6.0km),100,Walls Close House (0.6km);Little Ouseburn (4.1km);Whixley (4.1km);Green Hammerton (6.0km)
2026-09-20T16:00,276,5.8,278,9.3,ukmo_uk_deterministic_2km,False,96,Walls Close House (0.6km);Little Ouseburn (4.1km);Whixley (4.1km);Green Hammerton (6.0km),98,Walls Close House (0.6km);Little Ouseburn (4.1km);Whixley (4.1km);Green Hammerton (6.0km)
2026-09-20T17:00,274,4.8,276,8.3,ukmo_uk_deterministic_2km,False,94,Walls Close House (0.6km);Little Ouseburn (4.1km);Whixley (4.1km),96,Walls Close House (0.6km);Little Ouseburn (4.1km);Whixley (4.1km);Green Hammerton (6.0km)
2026-09-20T18:00,264,3.0,274,6.8,ukmo_uk_deterministic_2km,False,84,Walls Close House (0.6km);Little Ouseburn (4.1km);Great Ouseburn (4.6km),94,Walls Close House (0.6km);Little Ouseburn (4.1km);Whixley (4.1km)
2026-09-20T19:00,270,3.6,276,7.9,ukmo_uk_deterministic_2km,False,90,Walls Close House (0.6km);Little Ouseburn (4.1km),96,Walls Close House (0.6km);Little Ouseburn (4.1km);Whixley (4.1km);Green Hammerton (6.0km)
2026-09-20T20:00,272,3.1,278,8.0,ukmo_uk_deterministic_2km,False,92,Walls Close House (0.6km);Little Ouseburn (4.1km),98,Walls Close House (0.6km);Little Ouseburn (4.1km);Whixley (4.1km);Green Hammerton (6.0km)
2026-09-20T21:00,254,3.1,272,7.3,ukmo_uk_deterministic_2km,False,74,Walls Close House (0.6km);Little Ouseburn (4.1km);Great Ouseburn (4.6km),92,Walls Close House (0.6km);Little Ouseburn (4.1km)
2026-09-20T22:00,226,1.9,270,5.7,ukmo_uk_deterministic_2km,True,46,,90,Walls Close House (0.6km);Little Ouseburn (4.1km)
2026-09-20T23:00,202,2.2,248,4.3,ukmo_uk_deterministic_2km,False,22,South Farm (0.4km);Mickledale Farm (1.8km);Marton Moor Farm (1.8km);Marton cum Grafton (3.3km),68,Walls Close House (0.6km);Little Ouseburn (4.1km);Great Ouseburn (4.6km)
2026-09-21T00:00,238,2.0,282,3.6,ukmo_uk_deterministic_2km,False,58,Marton Cottage Farm (1.8km);Little Ouseburn (4.1km);Great Ouseburn (4.6km),102,Walls Close House (0.6km);Whixley (4.1km);Green Hammerton (6.0km)
2026-09-21T01:00,258,2.1,300,2.7,ukmo_uk_deterministic_2km,False,78,Walls Close House (0.6km);Little Ouseburn (4.1km);Great Ouseburn (4.6km),120,Allerton Castle (1.9km);Whixley (4.1km);Green Hammerton (6.0km)
2026-09-21T02:00,202,1.7,268,1.3,ukmo_uk_deterministic_2km,True,22,,88,
2026-09-21T03:00,192,2.2,220,2.6,ukmo_uk_deterministic_2km,False,12,South Farm (0.4km);Mickledale Farm (1.8km);Marton Moor Farm (1.8km);Marton cum Grafton (3.3km),40,Marton Cottage Farm (1.8km);Marton cum Grafton (3.3km)
2026-09-21T04:00,210,2.5,234,3.9,ukmo_uk_deterministic_2km,False,30,Marton Cottage Farm (1.8km);Marton cum Grafton (3.3km),54,Marton Cottage Farm (1.8km);Great Ouseburn (4.6km)
2026-09-21T05:00,214,2.5,222,3.8,ukmo_uk_deterministic_2km,False,34,Marton Cottage Farm (1.8km);Marton cum Grafton (3.3km),42,Marton Cottage Farm (1.8km);Marton cum Grafton (3.3km)
2026-09-21T06:00,180,2.2,214,3.0,ukmo_uk_deterministic_2km,False,0,South Farm (0.4km);Mickledale Farm (1.8km);Marton Moor Farm (1.8km);Marton cum Grafton (3.3km),34,Marton Cottage Farm (1.8km);Marton cum Grafton (3.3km)
2026-09-21T07:00,194,1.8,222,3.5,ukmo_uk_deterministic_2km,True,14,,42,Marton Cottage Farm (1.8km);Marton cum Grafton (3.3km)
2026-09-21T08:00,200,2.2,232,4.7,ukmo_uk_deterministic_2km,False,20,South Farm (0.4km);Mickledale Farm (1.8km);Marton Moor Farm (1.8km);Marton cum Grafton (3.3km),52,Marton Cottage Farm (1.8km);Great Ouseburn (4.6km)
2026-09-21T09:00,230,2.6,236,4.1,ukmo_uk_deterministic_2km,False,50,Marton Cottage Farm (1.8km);Great Ouseburn (4.6km),56,Marton Cottage Farm (1.8km);Great Ouseburn (4.6km)
2026-09-21T10:00,230,3.4,228,5.0,ukmo_uk_deterministic_2km,False,50,Marton Cottage Farm (1.8km);Great Ouseburn (4.6km),48,Marton Cottage Farm (1.8km);Great Ouseburn (4.6km)
2026-09-21T11:00,242,3.6,244,5.3,ukmo_uk_deterministic_2km,False,62,Marton Cottage Farm (1.8km);Little Ouseburn (4.1km);Great Ouseburn (4.6km),64,Marton Cottage Farm (1.8km);Little Ouseburn (4.1km);Great Ouseburn (4.6km)
2026-09-21T12:00,238,4.1,240,6.0,ukmo_uk_deterministic_2km,False,58,Marton Cottage Farm (1.8km);Little Ouseburn (4.1km);Great Ouseburn (4.6km),60,Marton Cottage Farm (1.8km);Little Ouseburn (4.1km);Great Ouseburn (4.6km)
2026-09-21T13:00,252,4.4,254,6.4,ukmo_uk_deterministic_2km,False,72,Walls Close House (0.6km);Little Ouseburn (4.1km);Great Ouseburn (4.6km),74,Walls Close House (0.6km);Little Ouseburn (4.1km);Great Ouseburn (4.6km)
2026-09-21T14:00,258,3.9,260,5.6,ukmo_uk_deterministic_2km,False,78,Walls Close House (0.6km);Little Ouseburn (4.1km);Great Ouseburn (4.6km),80,Walls Close House (0.6km);Little Ouseburn (4.1km);Great Ouseburn (4.6km)
2026-09-21T15:00,258,4.3,260,5.9,ukmo_uk_deterministic_2km,False,78,Walls Close House (0.6km);Little Ouseburn (4.1km);Great Ouseburn (4.6km),80,Walls Close House (0.6km);Little Ouseburn (4.1km);Great Ouseburn (4.6km)
2026-09-21T16:00,264,4.9,264,7.2,ukmo_uk_deterministic_2km,False,84,Walls Close House (0.6km);Little Ouseburn (4.1km);Great Ouseburn (4.6km),84,Walls Close House (0.6km);Little Ouseburn (4.1km);Great Ouseburn (4.6km)
2026-09-21T17:00,256,3.9,258,6.0,ukmo_uk_deterministic_2km,False,76,Walls Close House (0.6km);Little Ouseburn (4.1km);Great Ouseburn (4.6km),78,Walls Close House (0.6km);Little Ouseburn (4.1km);Great Ouseburn (4.6km)
2026-09-21T18:00,244,2.4,270,4.2,ukmo_uk_deterministic_2km,False,64,Marton Cottage Farm (1.8km);Little Ouseburn (4.1km);Great Ouseburn (4.6km),90,Walls Close House (0.6km);Little Ouseburn (4.1km)
2026-09-21T19:00,256,2.8,278,5.8,ukmo_uk_deterministic_2km,False,76,Walls Close House (0.6km);Little Ouseburn (4.1km);Great Ouseburn (4.6km),98,Walls Close House (0.6km);Little Ouseburn (4.1km);Whixley (4.1km);Green Hammerton (6.0km)
2026-09-21T20:00,270,3.2,284,5.8,ukmo_uk_deterministic_2km,False,90,Walls Close House (0.6km);Little Ouseburn (4.1km),104,Walls Close House (0.6km);Whixley (4.1km);Green Hammerton (6.0km)
2026-09-21T21:00,222,2.5,252,5.8,ukmo_uk_deterministic_2km,False,42,Marton Cottage Farm (1.8km);Marton cum Grafton (3.3km),72,Walls Close House (0.6km);Little Ouseburn (4.1km);Great Ouseburn (4.6km)
2026-09-21T22:00,240,3.0,258,6.4,ukmo_uk_deterministic_2km,False,60,Marton Cottage Farm (1.8km);Little Ouseburn (4.1km);Great Ouseburn (4.6km),78,Walls Close House (0.6km);Little Ouseburn (4.1km);Great Ouseburn (4.6km)
2026-09-21T23:00,256,2.4,278,4.8,ukmo_uk_deterministic_2km,False,76,Walls Close House (0.6km);Little Ouseburn (4.1km);Great Ouseburn (4.6km),98,Walls Close House (0.6km);Little Ouseburn (4.1km);Whixley (4.1km);Green Hammerton (6.0km)
2026-09-22T00:00,274,3.4,288,7.9,ukmo_uk_deterministic_2km,False,94,Walls Close House (0.6km);Little Ouseburn (4.1km);Whixley (4.1km),108,Walls Close House (0.6km);Whixley (4.1km);Green Hammerton (6.0km)
2026-09-22T01:00,282,2.1,304,3.7,ukmo_uk_deterministic_2km,False,102,Walls Close House (0.6km);Whixley (4.1km);Green Hammerton (6.0km),124,Allerton Castle (1.9km);Whixley (4.1km);Green Hammerton (6.0km)
2026-09-22T02:00,316,1.1,310,1.7,ukmo_uk_deterministic_2km,True,136,,130,
2026-09-22T03:00,234,1.1,264,2.4,ukmo_uk_deterministic_2km,True,54,,84,Walls Close House (0.6km);Little Ouseburn (4.1km);Great Ouseburn (4.6km)
2026-09-22T04:00,260,2.1,280,4.8,ukmo_uk_deterministic_2km,False,80,Walls Close House (0.6km);Little Ouseburn (4.1km);Great Ouseburn (4.6km),100,Walls Close House (0.6km);Little Ouseburn (4.1km);Whixley (4.1km);Green Hammerton (6.0km)
2026-09-22T05:00,272,2.4,296,4.4,ukmo_uk_deterministic_2km,False,92,Walls Close House (0.6km);Little Ouseburn (4.1km),116,Allerton Castle (1.9km);Whixley (4.1km);Green Hammerton (6.0km)
2026-09-22T06:00,284,1.3,310,2.4,ukmo_uk_deterministic_2km,True,104,,130,Allerton Castle (1.9km);Hopperton (3.3km);Whixley (4.1km);Green Hammerton (6.0km)
2026-09-22T07:00,278,1.1,278,1.8,ukmo_uk_deterministic_2km,True,98,,98,
2026-09-22T08:00,246,1.3,278,2.8,ukmo_uk_deterministic_2km,True,66,,98,Walls Close House (0.6km);Little Ouseburn (4.1km);Whixley (4.1km);Green Hammerton (6.0km)
2026-09-22T09:00,268,2.3,274,3.2,ukmo_uk_deterministic_2km,False,88,Walls Close House (0.6km);Little Ouseburn (4.1km),94,Walls Close House (0.6km);Little Ouseburn (4.1km);Whixley (4.1km)
2026-09-22T10:00,264,2.3,264,3.1,ukmo_uk_deterministic_2km,False,84,Walls Close House (0.6km);Little Ouseburn (4.1km);Great Ouseburn (4.6km),84,Walls Close House (0.6km);Little Ouseburn (4.1km);Great Ouseburn (4.6km)
2026-09-22T11:00,256,2.9,258,4.0,ukmo_uk_deterministic_2km,False,76,Walls Close House (0.6km);Little Ouseburn (4.1km);Great Ouseburn (4.6km),78,Walls Close House (0.6km);Little Ouseburn (4.1km);Great Ouseburn (4.6km)
2026-09-22T12:00,258,3.6,258,4.9,ukmo_uk_deterministic_2km,False,78,Walls Close House (0.6km);Little Ouseburn (4.1km);Great Ouseburn (4.6km),78,Walls Close House (0.6km);Little Ouseburn (4.1km);Great Ouseburn (4.6km)
2026-09-22T13:00,256,3.5,252,4.8,ukmo_uk_deterministic_2km,False,76,Walls Close House (0.6km);Little Ouseburn (4.1km);Great Ouseburn (4.6km),72,Walls Close House (0.6km);Little Ouseburn (4.1km);Great Ouseburn (4.6km)
2026-09-22T14:00,236,2.5,234,3.5,ukmo_uk_deterministic_2km,False,56,Marton Cottage Farm (1.8km);Great Ouseburn (4.6km),54,Marton Cottage Farm (1.8km);Great Ouseburn (4.6km)
2026-09-22T15:00,248,2.4,244,3.8,ukmo_uk_deterministic_2km,False,68,Walls Close House (0.6km);Little Ouseburn (4.1km);Great Ouseburn (4.6km),64,Marton Cottage Farm (1.8km);Little Ouseburn (4.1km);Great Ouseburn (4.6km)
2026-09-22T16:00,292,3.7,292,5.3,ukmo_uk_deterministic_2km,False,112,Walls Close House (0.6km);Whixley (4.1km);Green Hammerton (6.0km),112,Walls Close House (0.6km);Whixley (4.1km);Green Hammerton (6.0km)
2026-09-22T17:00,300,3.3,298,5.0,ukmo_uk_deterministic_2km,False,120,Allerton Castle (1.9km);Whixley (4.1km);Green Hammerton (6.0km),118,Allerton Castle (1.9km);Whixley (4.1km);Green Hammerton (6.0km)
2026-09-22T18:00,302,2.0,308,4.5,ukmo_uk_deterministic_2km,False,122,Allerton Castle (1.9km);Whixley (4.1km);Green Hammerton (6.0km),128,Allerton Castle (1.9km);Whixley (4.1km);Green Hammerton (6.0km)
2026-09-22T19:00,334,2.0,342,4.1,ukmo_uk_deterministic_2km,False,154,Allerton Castle (1.9km);Allerton Mauleverer (2.1km);Hopperton (3.3km),162,Allerton Mauleverer (2.1km);Hopperton (3.3km)
2026-09-22T20:00,352,1.9,344,3.9,ukmo_uk_deterministic_2km,True,172,,164,Allerton Mauleverer (2.1km);Hopperton (3.3km)
2026-09-22T21:00,6,1.9,358,3.4,ukmo_uk_deterministic_2km,True,186,,178,
2026-09-22T22:00,8,1.6,10,3.1,ukmo_uk_deterministic_2km,True,188,,190,Flaxby (2.2km)
2026-09-22T23:00,298,1.7,348,1.7,ukmo_uk_deterministic_2km,True,118,,168,
2026-09-23T00:00,262,1.7,290,0.7,ukmo_uk_deterministic_2km,True,82,,110,
2026-09-23T01:00,264,1.8,254,2.5,ukmo_uk_deterministic_2km,True,84,,74,Walls Close House (0.6km);Little Ouseburn (4.1km);Great Ouseburn (4.6km)
2026-09-23T02:00,234,1.1,244,3.4,ukmo_uk_deterministic_2km,True,54,,64,Marton Cottage Farm (1.8km);Little Ouseburn (4.1km);Great Ouseburn (4.6km)
2026-09-23T03:00,188,1.9,240,3.2,ukmo_uk_deterministic_2km,True,8,,60,Marton Cottage Farm (1.8km);Little Ouseburn (4.1km);Great Ouseburn (4.6km)
2026-09-23T04:00,210,1.5,242,3.4,ukmo_uk_deterministic_2km,True,30,,62,Marton Cottage Farm (1.8km);Little Ouseburn (4.1km);Great Ouseburn (4.6km)
2026-09-23T05:00,192,1.9,226,4.8,ukmo_uk_deterministic_2km,True,12,,46,Marton Cottage Farm (1.8km);Great Ouseburn (4.6km)
2026-09-23T06:00,214,2.5,234,7.1,ukmo_uk_deterministic_2km,False,34,Marton Cottage Farm (1.8km);Marton cum Grafton (3.3km),54,Marton Cottage Farm (1.8km);Great Ouseburn (4.6km)
2026-09-23T07:00,260,5.6,262,10.1,ukmo_uk_deterministic_2km,False,80,Walls Close House (0.6km);Little Ouseburn (4.1km);Great Ouseburn (4.6km),82,Walls Close House (0.6km);Little Ouseburn (4.1km);Great Ouseburn (4.6km)
2026-09-23T08:00,256,3.9,254,7.1,ukmo_uk_deterministic_2km,False,76,Walls Close House (0.6km);Little Ouseburn (4.1km);Great Ouseburn (4.6km),74,Walls Close House (0.6km);Little Ouseburn (4.1km);Great Ouseburn (4.6km)
2026-09-23T09:00,272,4.2,270,7.5,ukmo_uk_deterministic_2km,False,92,Walls Close House (0.6km);Little Ouseburn (4.1km),90,Walls Close House (0.6km);Little Ouseburn (4.1km)
2026-09-23T10:00,284,4.6,284,8.1,ukmo_uk_deterministic_2km,False,104,Walls Close House (0.6km);Whixley (4.1km);Green Hammerton (6.0km),104,Walls Close House (0.6km);Whixley (4.1km);Green Hammerton (6.0km)
2026-09-23T11:00,318,5.1,314,8.0,ukmo_uk_deterministic_2km,False,138,Allerton Castle (1.9km);Allerton Mauleverer (2.1km);Hopperton (3.3km);Whixley (4.1km);Green Hammerton (6.0km),134,Allerton Castle (1.9km);Allerton Mauleverer (2.1km);Hopperton (3.3km);Whixley (4.1km);Green Hammerton (6.0km)
2026-09-23T12:00,294,7.6,294,11.3,ukmo_uk_deterministic_2km,False,114,Allerton Castle (1.9km);Whixley (4.1km);Green Hammerton (6.0km),114,Allerton Castle (1.9km);Whixley (4.1km);Green Hammerton (6.0km)
2026-09-23T13:00,298,6.8,298,10.1,ukmo_uk_deterministic_2km,False,118,Allerton Castle (1.9km);Whixley (4.1km);Green Hammerton (6.0km),118,Allerton Castle (1.9km);Whixley (4.1km);Green Hammerton (6.0km)
2026-09-23T14:00,318,6.5,320,10.1,ukmo_uk_deterministic_2km,False,138,Allerton Castle (1.9km);Allerton Mauleverer (2.1km);Hopperton (3.3km);Whixley (4.1km);Green Hammerton (6.0km),140,Allerton Castle (1.9km);Allerton Mauleverer (2.1km);Hopperton (3.3km);Green Hammerton (6.0km)
2026-09-23T15:00,314,6.1,316,9.6,ukmo_uk_deterministic_2km,False,134,Allerton Castle (1.9km);Allerton Mauleverer (2.1km);Hopperton (3.3km);Whixley (4.1km);Green Hammerton (6.0km),136,Allerton Castle (1.9km);Allerton Mauleverer (2.1km);Hopperton (3.3km);Whixley (4.1km);Green Hammerton (6.0km)
2026-09-23T16:00,310,5.6,308,8.9,ukmo_uk_deterministic_2km,False,130,Allerton Castle (1.9km);Hopperton (3.3km);Whixley (4.1km);Green Hammerton (6.0km),128,Allerton Castle (1.9km);Whixley (4.1km);Green Hammerton (6.0km)
2026-09-23T17:00,298,5.0,302,8.8,ukmo_uk_deterministic_2km,False,118,Allerton Castle (1.9km);Whixley (4.1km);Green Hammerton (6.0km),122,Allerton Castle (1.9km);Whixley (4.1km);Green Hammerton (6.0km)
2026-09-23T18:00,298,3.3,304,7.8,ukmo_uk_deterministic_2km,False,118,Allerton Castle (1.9km);Whixley (4.1km);Green Hammerton (6.0km),124,Allerton Castle (1.9km);Whixley (4.1km);Green Hammerton (6.0km)
2026-09-23T19:00,62,2.1,332,4.6,ukmo_uk_deterministic_2km,False,242,Clareton Village (1.0km);Coneythorpe (1.6km);Knaresborough (6.2km),152,Allerton Castle (1.9km);Allerton Mauleverer (2.1km);Hopperton (3.3km)
2026-09-23T20:00,170,0.6,86,0.8,ukmo_uk_deterministic_2km,True,350,,266,
2026-09-23T21:00,194,1.5,168,2.2,ukmo_uk_deterministic_2km,True,14,,348,South Farm (0.4km);Mickledale Farm (1.8km);Marton Moor Farm (1.8km)
2026-09-23T22:00,262,1.1,188,1.8,ukmo_uk_deterministic_2km,True,82,,8,
2026-09-23T23:00,282,2.3,314,4.3,ukmo_uk_deterministic_2km,False,102,Walls Close House (0.6km);Whixley (4.1km);Green Hammerton (6.0km),134,Allerton Castle (1.9km);Allerton Mauleverer (2.1km);Hopperton (3.3km);Whixley (4.1km);Green Hammerton (6.0km)
2026-09-24T00:00,268,1.9,330,3.8,ukmo_uk_deterministic_2km,True,88,,150,Allerton Castle (1.9km);Allerton Mauleverer (2.1km);Hopperton (3.3km)
2026-09-24T01:00,264,1.7,342,1.8,ukmo_uk_deterministic_2km,True,84,,162,
2026-09-24T02:00,256,1.6,26,0.7,ukmo_uk_deterministic_2km,True,76,,206,
2026-09-24T03:00,294,0.6,68,1.8,ukmo_uk_deterministic_2km,True,114,,248,
2026-09-24T04:00,232,1.1,124,1.4,ukmo_uk_deterministic_2km,True,52,,304,
2026-09-24T05:00,210,1.3,166,2.7,ukmo_uk_deterministic_2km,True,30,,346,South Farm (0.4km);Mickledale Farm (1.8km);Marton Moor Farm (1.8km)
2026-09-24T06:00,198,1.3,206,3.6,ukmo_uk_deterministic_2km,True,18,,26,Marton Cottage Farm (1.8km);Marton cum Grafton (3.3km)
2026-09-24T07:00,134,1.8,168,4.5,ukmo_uk_deterministic_2km,True,314,,348,South Farm (0.4km);Mickledale Farm (1.8km);Marton Moor Farm (1.8km)
2026-09-24T08:00,162,2.4,184,6.4,ukmo_uk_deterministic_2km,False,342,South Farm (0.4km);Mickledale Farm (1.8km);Marton Moor Farm (1.8km),4,South Farm (0.4km);Mickledale Farm (1.8km);Marton Moor Farm (1.8km);Marton cum Grafton (3.3km)
2026-09-24T09:00,170,3.5,176,5.1,ukmo_uk_deterministic_2km,False,350,South Farm (0.4km);Mickledale Farm (1.8km);Marton Moor Farm (1.8km),356,South Farm (0.4km);Mickledale Farm (1.8km);Marton Moor Farm (1.8km)
2026-09-24T10:00,190,5.7,190,8.8,ukmo_uk_deterministic_2km,False,10,South Farm (0.4km);Mickledale Farm (1.8km);Marton Moor Farm (1.8km);Marton cum Grafton (3.3km),10,South Farm (0.4km);Mickledale Farm (1.8km);Marton Moor Farm (1.8km);Marton cum Grafton (3.3km)
2026-09-24T11:00,198,5.8,200,8.7,ukmo_uk_deterministic_2km,False,18,South Farm (0.4km);Mickledale Farm (1.8km);Marton Moor Farm (1.8km);Marton cum Grafton (3.3km),20,South Farm (0.4km);Mickledale Farm (1.8km);Marton Moor Farm (1.8km);Marton cum Grafton (3.3km)
2026-09-24T12:00,206,5.0,208,7.4,ukmo_uk_deterministic_2km,False,26,Marton Cottage Farm (1.8km);Marton cum Grafton (3.3km),28,Marton Cottage Farm (1.8km);Marton cum Grafton (3.3km)
2026-09-24T13:00,198,4.5,198,6.7,ukmo_uk_deterministic_2km,False,18,South Farm (0.4km);Mickledale Farm (1.8km);Marton Moor Farm (1.8km);Marton cum Grafton (3.3km),18,South Farm (0.4km);Mickledale Farm (1.8km);Marton Moor Farm (1.8km);Marton cum Grafton (3.3km)
2026-09-24T14:00,200,4.3,202,6.4,ukmo_uk_deterministic_2km,False,20,South Farm (0.4km);Mickledale Farm (1.8km);Marton Moor Farm (1.8km);Marton cum Grafton (3.3km),22,South Farm (0.4km);Mickledale Farm (1.8km);Marton Moor Farm (1.8km);Marton cum Grafton (3.3km)
2026-09-24T15:00,214,4.5,214,7.0,ukmo_uk_deterministic_2km,False,34,Marton Cottage Farm (1.8km);Marton cum Grafton (3.3km),34,Marton Cottage Farm (1.8km);Marton cum Grafton (3.3km)
2026-09-24T16:00,220,4.5,218,7.4,ukmo_uk_deterministic_2km,False,40,Marton Cottage Farm (1.8km);Marton cum Grafton (3.3km),38,Marton Cottage Farm (1.8km);Marton cum Grafton (3.3km)
2026-09-24T17:00,218,3.7,218,7.3,ukmo_uk_deterministic_2km,False,38,Marton Cottage Farm (1.8km);Marton cum Grafton (3.3km),38,Marton Cottage Farm (1.8km);Marton cum Grafton (3.3km)
2026-09-24T18:00,202,2.6,210,7.1,ukmo_uk_deterministic_2km,False,22,South Farm (0.4km);Mickledale Farm (1.8km);Marton Moor Farm (1.8km);Marton cum Grafton (3.3km),30,Marton Cottage Farm (1.8km);Marton cum Grafton (3.3km)
2026-09-24T19:00,156,2.6,188,5.6,ukmo_uk_deterministic_2km,False,336,Thornbar Farm (0.7km),8,South Farm (0.4km);Mickledale Farm (1.8km);Marton Moor Farm (1.8km);Marton cum Grafton (3.3km)
2026-09-24T20:00,174,2.9,188,8.1,ukmo_uk_deterministic_2km,False,354,South Farm (0.4km);Mickledale Farm (1.8km);Marton Moor Farm (1.8km),8,South Farm (0.4km);Mickledale Farm (1.8km);Marton Moor Farm (1.8km);Marton cum Grafton (3.3km)
2026-09-24T21:00,186,3.3,198,8.7,ukmo_uk_deterministic_2km,False,6,South Farm (0.4km);Mickledale Farm (1.8km);Marton Moor Farm (1.8km);Marton cum Grafton (3.3km),18,South Farm (0.4km);Mickledale Farm (1.8km);Marton Moor Farm (1.8km);Marton cum Grafton (3.3km)
2026-09-24T22:00,186,3.4,202,8.2,ukmo_uk_deterministic_2km,False,6,South Farm (0.4km);Mickledale Farm (1.8km);Marton Moor Farm (1.8km);Marton cum Grafton (3.3km),22,South Farm (0.4km);Mickledale Farm (1.8km);Marton Moor Farm (1.8km);Marton cum Grafton (3.3km)
2026-09-24T23:00,188,3.1,192,8.6,ukmo_uk_deterministic_2km,False,8,South Farm (0.4km);Mickledale Farm (1.8km);Marton Moor Farm (1.8km);Marton cum Grafton (3.3km),12,South Farm (0.4km);Mickledale Farm (1.8km);Marton Moor Farm (1.8km);Marton cum Grafton (3.3km)
2026-09-25T00:00,178,3.6,186,8.3,ukmo_uk_deterministic_2km,False,358,South Farm (0.4km);Mickledale Farm (1.8km);Marton Moor Farm (1.8km),6,South Farm (0.4km);Mickledale Farm (1.8km);Marton Moor Farm (1.8km);Marton cum Grafton (3.3km)
2026-09-25T01:00,170,3.4,186,7.6,ukmo_uk_deterministic_2km,False,350,South Farm (0.4km);Mickledale Farm (1.8km);Marton Moor Farm (1.8km),6,South Farm (0.4km);Mickledale Farm (1.8km);Marton Moor Farm (1.8km);Marton cum Grafton (3.3km)
2026-09-25T02:00,178,3.1,188,7.7,ukmo_uk_deterministic_2km,False,358,South Farm (0.4km);Mickledale Farm (1.8km);Marton Moor Farm (1.8km),8,South Farm (0.4km);Mickledale Farm (1.8km);Marton Moor Farm (1.8km);Marton cum Grafton (3.3km)
2026-09-25T03:00,198,2.8,220,6.9,ukmo_uk_deterministic_2km,False,18,South Farm (0.4km);Mickledale Farm (1.8km);Marton Moor Farm (1.8km);Marton cum Grafton (3.3km),40,Marton Cottage Farm (1.8km);Marton cum Grafton (3.3km)
2026-09-25T04:00,198,2.5,222,7.4,ukmo_uk_deterministic_2km,False,18,South Farm (0.4km);Mickledale Farm (1.8km);Marton Moor Farm (1.8km);Marton cum Grafton (3.3km),42,Marton Cottage Farm (1.8km);Marton cum Grafton (3.3km)
2026-09-25T05:00,200,2.7,220,6.7,ukmo_uk_deterministic_2km,False,20,South Farm (0.4km);Mickledale Farm (1.8km);Marton Moor Farm (1.8km);Marton cum Grafton (3.3km),40,Marton Cottage Farm (1.8km);Marton cum Grafton (3.3km)
2026-09-25T06:00,204,2.8,212,7.0,ukmo_uk_deterministic_2km,False,24,Marton Cottage Farm (1.8km);Marton cum Grafton (3.3km),32,Marton Cottage Farm (1.8km);Marton cum Grafton (3.3km)
2026-09-25T07:00,202,3.4,210,6.9,ukmo_uk_deterministic_2km,False,22,South Farm (0.4km);Mickledale Farm (1.8km);Marton Moor Farm (1.8km);Marton cum Grafton (3.3km),30,Marton Cottage Farm (1.8km);Marton cum Grafton (3.3km)
2026-09-25T08:00,282,4.0,286,5.9,ukmo_uk_deterministic_2km,False,102,Walls Close House (0.6km);Whixley (4.1km);Green Hammerton (6.0km),106,Walls Close House (0.6km);Whixley (4.1km);Green Hammerton (6.0km)
2026-09-25T09:00,316,3.3,318,4.8,ukmo_uk_deterministic_2km,False,136,Allerton Castle (1.9km);Allerton Mauleverer (2.1km);Hopperton (3.3km);Whixley (4.1km);Green Hammerton (6.0km),138,Allerton Castle (1.9km);Allerton Mauleverer (2.1km);Hopperton (3.3km);Whixley (4.1km);Green Hammerton (6.0km)
2026-09-25T10:00,314,2.8,314,4.0,ukmo_uk_deterministic_2km,False,134,Allerton Castle (1.9km);Allerton Mauleverer (2.1km);Hopperton (3.3km);Whixley (4.1km);Green Hammerton (6.0km),134,Allerton Castle (1.9km);Allerton Mauleverer (2.1km);Hopperton (3.3km);Whixley (4.1km);Green Hammerton (6.0km)
2026-09-25T11:00,300,2.1,298,2.8,ukmo_uk_deterministic_2km,False,120,Allerton Castle (1.9km);Whixley (4.1km);Green Hammerton (6.0km),118,Allerton Castle (1.9km);Whixley (4.1km);Green Hammerton (6.0km)
2026-09-25T12:00,268,3.2,270,4.5,ukmo_uk_deterministic_2km,False,88,Walls Close House (0.6km);Little Ouseburn (4.1km),90,Walls Close House (0.6km);Little Ouseburn (4.1km)
2026-09-25T13:00,266,3.7,268,5.6,ukmo_uk_deterministic_2km,False,86,Walls Close House (0.6km);Little Ouseburn (4.1km);Great Ouseburn (4.6km),88,Walls Close House (0.6km);Little Ouseburn (4.1km)
2026-09-25T14:00,272,4.1,274,6.0,ukmo_uk_deterministic_2km,False,92,Walls Close House (0.6km);Little Ouseburn (4.1km),94,Walls Close House (0.6km);Little Ouseburn (4.1km);Whixley (4.1km)
2026-09-25T15:00,276,3.4,278,5.3,ukmo_uk_deterministic_2km,False,96,Walls Close House (0.6km);Little Ouseburn (4.1km);Whixley (4.1km);Green Hammerton (6.0km),98,Walls Close House (0.6km);Little Ouseburn (4.1km);Whixley (4.1km);Green Hammerton (6.0km)
2026-09-25T16:00,266,4.1,266,6.5,ukmo_uk_deterministic_2km,False,86,Walls Close House (0.6km);Little Ouseburn (4.1km);Great Ouseburn (4.6km),86,Walls Close House (0.6km);Little Ouseburn (4.1km);Great Ouseburn (4.6km)
2026-09-25T17:00,260,2.7,264,4.8,ukmo_uk_deterministic_2km,False,80,Walls Close House (0.6km);Little Ouseburn (4.1km);Great Ouseburn (4.6km),84,Walls Close House (0.6km);Little Ouseburn (4.1km);Great Ouseburn (4.6km)
2026-09-25T18:00,258,2.6,262,5.8,ukmo_uk_deterministic_2km,False,78,Walls Close House (0.6km);Little Ouseburn (4.1km);Great Ouseburn (4.6km),82,Walls Close House (0.6km);Little Ouseburn (4.1km);Great Ouseburn (4.6km)
2026-09-25T19:00,250,2.6,254,6.1,ukmo_uk_deterministic_2km,False,70,Walls Close House (0.6km);Little Ouseburn (4.1km);Great Ouseburn (4.6km),74,Walls Close House (0.6km);Little Ouseburn (4.1km);Great Ouseburn (4.6km)
2026-09-25T20:00,230,2.3,244,5.6,ukmo_uk_deterministic_2km,False,50,Marton Cottage Farm (1.8km);Great Ouseburn (4.6km),64,Marton Cottage Farm (1.8km);Little Ouseburn (4.1km);Great Ouseburn (4.6km)
2026-09-25T21:00,204,2.1,240,4.7,ukmo_uk_deterministic_2km,False,24,Marton Cottage Farm (1.8km);Marton cum Grafton (3.3km),60,Marton Cottage Farm (1.8km);Little Ouseburn (4.1km);Great Ouseburn (4.6km)
2026-09-25T22:00,222,1.9,260,4.4,ukmo_uk_deterministic_2km,True,42,,80,Walls Close House (0.6km);Little Ouseburn (4.1km);Great Ouseburn (4.6km)
2026-09-25T23:00,208,2.8,244,5.6,ukmo_uk_deterministic_2km,False,28,Marton Cottage Farm (1.8km);Marton cum Grafton (3.3km),64,Marton Cottage Farm (1.8km);Little Ouseburn (4.1km);Great Ouseburn (4.6km)
2026-09-26T00:00,216,3.9,232,9.1,ukmo_uk_deterministic_2km,False,36,Marton Cottage Farm (1.8km);Marton cum Grafton (3.3km),52,Marton Cottage Farm (1.8km);Great Ouseburn (4.6km)
2026-09-26T01:00,202,2.9,218,6.8,ukmo_uk_deterministic_2km,False,22,South Farm (0.4km);Mickledale Farm (1.8km);Marton Moor Farm (1.8km);Marton cum Grafton (3.3km),38,Marton Cottage Farm (1.8km);Marton cum Grafton (3.3km)
2026-09-26T02:00,202,3.4,214,7.6,ukmo_uk_deterministic_2km,False,22,South Farm (0.4km);Mickledale Farm (1.8km);Marton Moor Farm (1.8km);Marton cum Grafton (3.3km),34,Marton Cottage Farm (1.8km);Marton cum Grafton (3.3km)
2026-09-26T03:00,162,2.4,208,5.5,ukmo_uk_deterministic_2km,False,342,South Farm (0.4km);Mickledale Farm (1.8km);Marton Moor Farm (1.8km),28,Marton Cottage Farm (1.8km);Marton cum Grafton (3.3km)
2026-09-26T04:00,150,2.5,220,4.9,ukmo_uk_deterministic_2km,False,330,Thornbar Farm (0.7km),40,Marton Cottage Farm (1.8km);Marton cum Grafton (3.3km)
2026-09-26T05:00,162,2.0,228,6.0,ukmo_uk_deterministic_2km,False,342,South Farm (0.4km);Mickledale Farm (1.8km);Marton Moor Farm (1.8km),48,Marton Cottage Farm (1.8km);Great Ouseburn (4.6km)
2026-09-26T06:00,198,3.6,226,7.8,ukmo_uk_deterministic_2km,False,18,South Farm (0.4km);Mickledale Farm (1.8km);Marton Moor Farm (1.8km);Marton cum Grafton (3.3km),46,Marton Cottage Farm (1.8km);Great Ouseburn (4.6km)
2026-09-26T07:00,196,4.4,214,8.7,ukmo_uk_deterministic_2km,False,16,South Farm (0.4km);Mickledale Farm (1.8km);Marton Moor Farm (1.8km);Marton cum Grafton (3.3km),34,Marton Cottage Farm (1.8km);Marton cum Grafton (3.3km)
2026-09-26T08:00,204,4.3,216,7.8,ukmo_uk_deterministic_2km,False,24,Marton Cottage Farm (1.8km);Marton cum Grafton (3.3km),36,Marton Cottage Farm (1.8km);Marton cum Grafton (3.3km)
2026-09-26T09:00,216,4.4,222,6.8,ukmo_uk_deterministic_2km,False,36,Marton Cottage Farm (1.8km);Marton cum Grafton (3.3km),42,Marton Cottage Farm (1.8km);Marton cum Grafton (3.3km)
2026-09-26T10:00,228,5.2,230,8.1,ukmo_uk_deterministic_2km,False,48,Marton Cottage Farm (1.8km);Great Ouseburn (4.6km),50,Marton Cottage Farm (1.8km);Great Ouseburn (4.6km)
2026-09-26T11:00,242,4.8,244,7.9,ukmo_uk_deterministic_2km,False,62,Marton Cottage Farm (1.8km);Little Ouseburn (4.1km);Great Ouseburn (4.6km),64,Marton Cottage Farm (1.8km);Little Ouseburn (4.1km);Great Ouseburn (4.6km)
2026-09-26T12:00,234,5.1,234,8.3,ukmo_uk_deterministic_2km,False,54,Marton Cottage Farm (1.8km);Great Ouseburn (4.6km),54,Marton Cottage Farm (1.8km);Great Ouseburn (4.6km)
2026-09-26T13:00,254,4.8,252,7.8,ukmo_uk_deterministic_2km,False,74,Walls Close House (0.6km);Little Ouseburn (4.1km);Great Ouseburn (4.6km),72,Walls Close House (0.6km);Little Ouseburn (4.1km);Great Ouseburn (4.6km)
2026-09-26T14:00,250,5.4,248,8.7,ukmo_uk_deterministic_2km,False,70,Walls Close House (0.6km);Little Ouseburn (4.1km);Great Ouseburn (4.6km),68,Walls Close House (0.6km);Little Ouseburn (4.1km);Great Ouseburn (4.6km)
2026-09-26T15:00,246,4.6,246,7.3,ukmo_uk_deterministic_2km,False,66,Marton Cottage Farm (1.8km);Little Ouseburn (4.1km);Great Ouseburn (4.6km),66,Marton Cottage Farm (1.8km);Little Ouseburn (4.1km);Great Ouseburn (4.6km)
2026-09-26T16:00,252,4.1,250,6.9,ukmo_uk_deterministic_2km,False,72,Walls Close House (0.6km);Little Ouseburn (4.1km);Great Ouseburn (4.6km),70,Walls Close House (0.6km);Little Ouseburn (4.1km);Great Ouseburn (4.6km)
2026-09-26T17:00,258,1.1,254,3.3,ukmo_uk_deterministic_2km,True,78,,74,Walls Close House (0.6km);Little Ouseburn (4.1km);Great Ouseburn (4.6km)
2026-09-26T18:00,186,1.1,226,3.4,ukmo_uk_deterministic_2km,True,6,,46,Marton Cottage Farm (1.8km);Great Ouseburn (4.6km)
2026-09-26T19:00,170,2.4,206,4.5,ukmo_uk_deterministic_2km,False,350,South Farm (0.4km);Mickledale Farm (1.8km);Marton Moor Farm (1.8km),26,Marton Cottage Farm (1.8km);Marton cum Grafton (3.3km)
2026-09-26T20:00,172,2.4,190,4.2,ukmo_uk_deterministic_2km,False,352,South Farm (0.4km);Mickledale Farm (1.8km);Marton Moor Farm (1.8km),10,South Farm (0.4km);Mickledale Farm (1.8km);Marton Moor Farm (1.8km);Marton cum Grafton (3.3km)
2026-09-26T21:00,184,2.4,198,6.1,ukmo_uk_deterministic_2km,False,4,South Farm (0.4km);Mickledale Farm (1.8km);Marton Moor Farm (1.8km);Marton cum Grafton (3.3km),18,South Farm (0.4km);Mickledale Farm (1.8km);Marton Moor Farm (1.8km);Marton cum Grafton (3.3km)
2026-09-26T22:00,180,2.9,196,7.9,ukmo_uk_deterministic_2km,False,0,South Farm (0.4km);Mickledale Farm (1.8km);Marton Moor Farm (1.8km);Marton cum Grafton (3.3km),16,South Farm (0.4km);Mickledale Farm (1.8km);Marton Moor Farm (1.8km);Marton cum Grafton (3.3km)
2026-09-26T23:00,174,3.0,188,6.6,ukmo_uk_deterministic_2km,False,354,South Farm (0.4km);Mickledale Farm (1.8km);Marton Moor Farm (1.8km),8,South Farm (0.4km);Mickledale Farm (1.8km);Marton Moor Farm (1.8km);Marton cum Grafton (3.3km)
2026-09-27T00:00,174,2.8,204,6.1,ukmo_uk_deterministic_2km,False,354,South Farm (0.4km);Mickledale Farm (1.8km);Marton Moor Farm (1.8km),24,Marton Cottage Farm (1.8km);Marton cum Grafton (3.3km)
2026-09-27T01:00,164,2.9,190,5.3,ukmo_uk_deterministic_2km,False,344,South Farm (0.4km);Mickledale Farm (1.8km);Marton Moor Farm (1.8km),10,South Farm (0.4km);Mickledale Farm (1.8km);Marton Moor Farm (1.8km);Marton cum Grafton (3.3km)
2026-09-27T02:00,154,3.1,176,6.1,ukmo_uk_deterministic_2km,False,334,Thornbar Farm (0.7km),356,South Farm (0.4km);Mickledale Farm (1.8km);Marton Moor Farm (1.8km)
2026-09-27T03:00,160,3.0,170,7.6,ukmo_uk_deterministic_2km,False,340,South Farm (0.4km);Mickledale Farm (1.8km);Marton Moor Farm (1.8km),350,South Farm (0.4km);Mickledale Farm (1.8km);Marton Moor Farm (1.8km)
2026-09-27T04:00,152,2.9,168,7.3,ukmo_uk_deterministic_2km,False,332,Thornbar Farm (0.7km),348,South Farm (0.4km);Mickledale Farm (1.8km);Marton Moor Farm (1.8km)
2026-09-27T05:00,154,2.9,168,8.4,ukmo_uk_deterministic_2km,False,334,Thornbar Farm (0.7km),348,South Farm (0.4km);Mickledale Farm (1.8km);Marton Moor Farm (1.8km)
2026-09-27T06:00,152,4.1,164,10.1,ukmo_uk_deterministic_2km,False,332,Thornbar Farm (0.7km),344,South Farm (0.4km);Mickledale Farm (1.8km);Marton Moor Farm (1.8km)
2026-09-27T07:00,158,4.8,158,10.6,ukmo_uk_deterministic_2km,False,338,South Farm (0.4km);Mickledale Farm (1.8km);Marton Moor Farm (1.8km),338,South Farm (0.4km);Mickledale Farm (1.8km);Marton Moor Farm (1.8km)
2026-09-27T08:00,156,4.6,158,8.3,ukmo_uk_deterministic_2km,False,336,Thornbar Farm (0.7km),338,South Farm (0.4km);Mickledale Farm (1.8km);Marton Moor Farm (1.8km)
2026-09-27T09:00,154,4.8,156,7.5,ukmo_uk_deterministic_2km,False,334,Thornbar Farm (0.7km),336,Thornbar Farm (0.7km)
2026-09-27T10:00,158,6.3,158,9.9,ukmo_uk_deterministic_2km,False,338,South Farm (0.4km);Mickledale Farm (1.8km);Marton Moor Farm (1.8km),338,South Farm (0.4km);Mickledale Farm (1.8km);Marton Moor Farm (1.8km)
2026-09-27T11:00,156,6.2,156,10.1,ukmo_uk_deterministic_2km,False,336,Thornbar Farm (0.7km),336,Thornbar Farm (0.7km)
2026-09-27T12:00,158,8.4,160,13.3,ukmo_uk_deterministic_2km,False,338,South Farm (0.4km);Mickledale Farm (1.8km);Marton Moor Farm (1.8km),340,South Farm (0.4km);Mickledale Farm (1.8km);Marton Moor Farm (1.8km)
2026-09-27T13:00,164,7.3,164,11.7,ukmo_uk_deterministic_2km,False,344,South Farm (0.4km);Mickledale Farm (1.8km);Marton Moor Farm (1.8km),344,South Farm (0.4km);Mickledale Farm (1.8km);Marton Moor Farm (1.8km)
2026-09-27T14:00,174,8.1,176,13.4,ukmo_uk_deterministic_2km,False,354,South Farm (0.4km);Mickledale Farm (1.8km);Marton Moor Farm (1.8km),356,South Farm (0.4km);Mickledale Farm (1.8km);Marton Moor Farm (1.8km)
2026-09-27T15:00,184,8.4,184,14.3,ukmo_uk_deterministic_2km,False,4,South Farm (0.4km);Mickledale Farm (1.8km);Marton Moor Farm (1.8km);Marton cum Grafton (3.3km),4,South Farm (0.4km);Mickledale Farm (1.8km);Marton Moor Farm (1.8km);Marton cum Grafton (3.3km)
2026-09-27T16:00,198,7.5,198,12.9,ukmo_uk_deterministic_2km,False,18,South Farm (0.4km);Mickledale Farm (1.8km);Marton Moor Farm (1.8km);Marton cum Grafton (3.3km),18,South Farm (0.4km);Mickledale Farm (1.8km);Marton Moor Farm (1.8km);Marton cum Grafton (3.3km)
2026-09-27T17:00,254,6.3,256,10.8,ukmo_uk_deterministic_2km,False,74,Walls Close House (0.6km);Little Ouseburn (4.1km);Great Ouseburn (4.6km),76,Walls Close House (0.6km);Little Ouseburn (4.1km);Great Ouseburn (4.6km)
2026-09-27T18:00,262,2.6,264,5.9,ukmo_uk_deterministic_2km,False,82,Walls Close House (0.6km);Little Ouseburn (4.1km);Great Ouseburn (4.6km),84,Walls Close House (0.6km);Little Ouseburn (4.1km);Great Ouseburn (4.6km)
2026-09-27T19:00,272,4.8,276,9.2,ukmo_uk_deterministic_2km,False,92,Walls Close House (0.6km);Little Ouseburn (4.1km),96,Walls Close House (0.6km);Little Ouseburn (4.1km);Whixley (4.1km);Green Hammerton (6.0km)
2026-09-27T20:00,276,3.4,284,8.5,ukmo_uk_deterministic_2km,False,96,Walls Close House (0.6km);Little Ouseburn (4.1km);Whixley (4.1km);Green Hammerton (6.0km),104,Walls Close House (0.6km);Whixley (4.1km);Green Hammerton (6.0km)
2026-09-27T21:00,272,2.9,280,8.4,ukmo_uk_deterministic_2km,False,92,Walls Close House (0.6km);Little Ouseburn (4.1km),100,Walls Close House (0.6km);Little Ouseburn (4.1km);Whixley (4.1km);Green Hammerton (6.0km)
2026-09-27T22:00,236,2.1,262,6.2,ukmo_uk_deterministic_2km,False,56,Marton Cottage Farm (1.8km);Great Ouseburn (4.6km),82,Walls Close House (0.6km);Little Ouseburn (4.1km);Great Ouseburn (4.6km)
2026-09-27T23:00,190,1.7,258,4.4,ukmo_uk_deterministic_2km,True,10,,78,Walls Close House (0.6km);Little Ouseburn (4.1km);Great Ouseburn (4.6km)
2026-09-28T00:00,194,2.7,236,4.4,ukmo_uk_deterministic_2km,False,14,South Farm (0.4km);Mickledale Farm (1.8km);Marton Moor Farm (1.8km);Marton cum Grafton (3.3km),56,Marton Cottage Farm (1.8km);Great Ouseburn (4.6km)
2026-09-28T01:00,224,1.5,268,2.2,ukmo_uk_deterministic_2km,True,44,,88,Walls Close House (0.6km);Little Ouseburn (4.1km)
2026-09-28T02:00,220,2.2,268,4.3,ukmo_uk_deterministic_2km,False,40,Marton Cottage Farm (1.8km);Marton cum Grafton (3.3km),88,Walls Close House (0.6km);Little Ouseburn (4.1km)
2026-09-28T03:00,214,2.8,248,2.9,ukmo_uk_deterministic_2km,False,34,Marton Cottage Farm (1.8km);Marton cum Grafton (3.3km),68,Walls Close House (0.6km);Little Ouseburn (4.1km);Great Ouseburn (4.6km)
2026-09-28T04:00,204,2.6,220,3.4,ukmo_uk_deterministic_2km,False,24,Marton Cottage Farm (1.8km);Marton cum Grafton (3.3km),40,Marton Cottage Farm (1.8km);Marton cum Grafton (3.3km)
2026-09-28T05:00,208,2.4,228,4.5,ukmo_uk_deterministic_2km,False,28,Marton Cottage Farm (1.8km);Marton cum Grafton (3.3km),48,Marton Cottage Farm (1.8km);Great Ouseburn (4.6km)
2026-09-28T06:00,200,2.6,230,3.9,ukmo_uk_deterministic_2km,False,20,South Farm (0.4km);Mickledale Farm (1.8km);Marton Moor Farm (1.8km);Marton cum Grafton (3.3km),50,Marton Cottage Farm (1.8km);Great Ouseburn (4.6km)
2026-09-28T07:00,232,1.8,252,3.5,ukmo_uk_deterministic_2km,True,52,,72,Walls Close House (0.6km);Little Ouseburn (4.1km);Great Ouseburn (4.6km)
2026-09-28T08:00,242,1.9,262,4.4,ukmo_uk_deterministic_2km,True,62,,82,Walls Close House (0.6km);Little Ouseburn (4.1km);Great Ouseburn (4.6km)
2026-09-28T09:00,236,2.3,236,3.3,ukmo_uk_deterministic_2km,False,56,Marton Cottage Farm (1.8km);Great Ouseburn (4.6km),56,Marton Cottage Farm (1.8km);Great Ouseburn (4.6km)
2026-09-28T10:00,270,1.8,268,2.4,ukmo_uk_deterministic_2km,True,90,,88,Walls Close House (0.6km);Little Ouseburn (4.1km)
2026-09-28T11:00,254,2.1,250,2.9,ukmo_uk_deterministic_2km,False,74,Walls Close House (0.6km);Little Ouseburn (4.1km);Great Ouseburn (4.6km),70,Walls Close House (0.6km);Little Ouseburn (4.1km);Great Ouseburn (4.6km)
2026-09-28T12:00,266,1.7,262,2.4,ukmo_uk_deterministic_2km,True,86,,82,Walls Close House (0.6km);Little Ouseburn (4.1km);Great Ouseburn (4.6km)
2026-09-28T13:00,278,1.5,270,2.1,ukmo_uk_deterministic_2km,True,98,,90,Walls Close House (0.6km);Little Ouseburn (4.1km)
2026-09-28T14:00,284,0.6,268,0.9,ukmo_uk_deterministic_2km,True,104,,88,
2026-09-28T15:00,82,0.7,88,0.7,ukmo_uk_deterministic_2km,True,262,,268,
2026-09-28T16:00,82,0.8,106,0.9,ukmo_uk_deterministic_2km,True,262,,286,
2026-09-28T17:00,112,2.0,120,3.6,ukmo_uk_deterministic_2km,False,292,Arkendale (2.1km),300,Thornbar Farm (0.7km);Arkendale (2.1km)
2026-09-28T18:00,102,2.1,106,3.6,ukmo_uk_deterministic_2km,False,282,Arkendale (2.1km),286,Arkendale (2.1km)
2026-09-28T19:00,132,3.3,138,7.9,ukmo_uk_deterministic_2km,False,312,Thornbar Farm (0.7km);Arkendale (2.1km),318,Thornbar Farm (0.7km);Arkendale (2.1km)
2026-09-28T20:00,116,3.4,126,8.3,ukmo_uk_deterministic_2km,False,296,Thornbar Farm (0.7km);Arkendale (2.1km),306,Thornbar Farm (0.7km);Arkendale (2.1km)
2026-09-28T21:00,122,3.0,132,7.8,ukmo_uk_deterministic_2km,False,302,Thornbar Farm (0.7km);Arkendale (2.1km),312,Thornbar Farm (0.7km);Arkendale (2.1km)
2026-09-28T22:00,114,2.3,136,6.4,ukmo_uk_deterministic_2km,False,294,Thornbar Farm (0.7km);Arkendale (2.1km),316,Thornbar Farm (0.7km);Arkendale (2.1km)
2026-09-28T23:00,90,2.3,126,5.2,ukmo_uk_deterministic_2km,False,270,,306,Thornbar Farm (0.7km);Arkendale (2.1km)
2026-09-29T00:00,62,1.6,122,5.1,ukmo_uk_deterministic_2km,True,242,,302,Thornbar Farm (0.7km);Arkendale (2.1km)
2026-09-29T01:00,4,1.3,104,4.4,ukmo_uk_deterministic_2km,True,184,,284,Arkendale (2.1km)
2026-09-29T02:00,54,0.9,110,5.2,ukmo_uk_deterministic_2km,True,234,,290,Arkendale (2.1km)
2026-09-29T03:00,6,1.0,104,5.2,ukmo_uk_deterministic_2km,True,186,,284,Arkendale (2.1km)
2026-09-29T04:00,72,1.9,102,6.6,ukmo_uk_deterministic_2km,True,252,,282,Arkendale (2.1km)
2026-09-29T05:00,6,2.0,82,6.3,ukmo_uk_deterministic_2km,False,186,Flaxby (2.2km),262,Knaresborough (6.2km)
2026-09-29T06:00,340,1.8,76,5.6,ukmo_uk_deterministic_2km,True,160,,256,Knaresborough (6.2km)
2026-09-29T07:00,8,2.1,70,6.0,ukmo_uk_deterministic_2km,False,188,Flaxby (2.2km),250,Coneythorpe (1.6km);Knaresborough (6.2km)
2026-09-29T08:00,10,2.3,70,6.1,ukmo_uk_deterministic_2km,False,190,Flaxby (2.2km),250,Coneythorpe (1.6km);Knaresborough (6.2km)
2026-09-29T09:00,52,2.5,84,6.8,ukmo_uk_deterministic_2km,False,232,Clareton Village (1.0km);Coneythorpe (1.6km);Knaresborough (6.2km),264,Knaresborough (6.2km)
2026-09-29T10:00,108,5.3,110,8.6,ukmo_uk_deterministic_2km,False,288,Arkendale (2.1km),290,Arkendale (2.1km)
2026-09-29T11:00,110,7.2,112,11.4,ukmo_uk_deterministic_2km,False,290,Arkendale (2.1km),292,Arkendale (2.1km)
2026-09-29T12:00,112,6.9,112,10.9,ukmo_uk_deterministic_2km,False,292,Arkendale (2.1km),292,Arkendale (2.1km)
2026-09-29T13:00,112,7.1,114,11.0,ukmo_uk_deterministic_2km,False,292,Arkendale (2.1km),294,Thornbar Farm (0.7km);Arkendale (2.1km)
2026-09-29T14:00,118,6.3,118,10.0,ukmo_uk_deterministic_2km,False,298,Thornbar Farm (0.7km);Arkendale (2.1km),298,Thornbar Farm (0.7km);Arkendale (2.1km)
2026-09-29T15:00,110,6.0,112,9.6,ukmo_uk_deterministic_2km,False,290,Arkendale (2.1km),292,Arkendale (2.1km)
2026-09-29T16:00,118,4.9,120,8.2,ukmo_uk_deterministic_2km,False,298,Thornbar Farm (0.7km);Arkendale (2.1km),300,Thornbar Farm (0.7km);Arkendale (2.1km)
2026-09-29T17:00,120,4.8,120,8.6,ukmo_uk_deterministic_2km,False,300,Thornbar Farm (0.7km);Arkendale (2.1km),300,Thornbar Farm (0.7km);Arkendale (2.1km)
2026-09-29T18:00,112,5.6,114,10.8,ukmo_uk_deterministic_2km,False,292,Arkendale (2.1km),294,Thornbar Farm (0.7km);Arkendale (2.1km)
2026-09-29T19:00,114,5.8,116,11.1,ukmo_uk_deterministic_2km,False,294,Thornbar Farm (0.7km);Arkendale (2.1km),296,Thornbar Farm (0.7km);Arkendale (2.1km)
2026-09-29T20:00,122,5.4,126,10.6,ukmo_uk_deterministic_2km,False,302,Thornbar Farm (0.7km);Arkendale (2.1km),306,Thornbar Farm (0.7km);Arkendale (2.1km)
2026-09-29T21:00,132,5.3,134,10.6,ukmo_uk_deterministic_2km,False,312,Thornbar Farm (0.7km);Arkendale (2.1km),314,Thornbar Farm (0.7km);Arkendale (2.1km)
2026-09-29T22:00,120,4.7,128,9.4,ukmo_uk_deterministic_2km,False,300,Thornbar Farm (0.7km);Arkendale (2.1km),308,Thornbar Farm (0.7km);Arkendale (2.1km)
2026-09-29T23:00,130,4.4,138,9.1,ukmo_uk_deterministic_2km,False,310,Thornbar Farm (0.7km);Arkendale (2.1km),318,Thornbar Farm (0.7km);Arkendale (2.1km)
2026-09-30T00:00,132,3.8,140,8.6,ukmo_uk_deterministic_2km,False,312,Thornbar Farm (0.7km);Arkendale (2.1km),320,Thornbar Farm (0.7km);Arkendale (2.1km)
2026-09-30T01:00,142,3.8,146,9.2,ukmo_uk_deterministic_2km,False,322,Thornbar Farm (0.7km);Arkendale (2.1km),326,Thornbar Farm (0.7km);Arkendale (2.1km)
2026-09-30T02:00,140,4.9,144,10.7,ukmo_uk_deterministic_2km,False,320,Thornbar Farm (0.7km);Arkendale (2.1km),324,Thornbar Farm (0.7km);Arkendale (2.1km)
2026-09-30T03:00,128,4.9,134,9.9,ukmo_uk_deterministic_2km,False,308,Thornbar Farm (0.7km);Arkendale (2.1km),314,Thornbar Farm (0.7km);Arkendale (2.1km)
2026-09-30T04:00,152,4.3,156,9.0,ukmo_uk_deterministic_2km,False,332,Thornbar Farm (0.7km),336,Thornbar Farm (0.7km)
2026-09-30T05:00,154,5.3,158,10.8,ukmo_uk_deterministic_2km,False,334,Thornbar Farm (0.7km),338,South Farm (0.4km);Mickledale Farm (1.8km);Marton Moor Farm (1.8km)
2026-09-30T06:00,150,5.0,154,10.4,ukmo_uk_deterministic_2km,False,330,Thornbar Farm (0.7km),334,Thornbar Farm (0.7km)
2026-09-30T07:00,154,5.8,158,11.6,ukmo_uk_deterministic_2km,False,334,Thornbar Farm (0.7km),338,South Farm (0.4km);Mickledale Farm (1.8km);Marton Moor Farm (1.8km)
2026-09-30T08:00,156,5.6,158,10.8,ukmo_uk_deterministic_2km,False,336,Thornbar Farm (0.7km),338,South Farm (0.4km);Mickledale Farm (1.8km);Marton Moor Farm (1.8km)
2026-09-30T09:00,168,6.9,170,11.8,ukmo_uk_deterministic_2km,False,348,South Farm (0.4km);Mickledale Farm (1.8km);Marton Moor Farm (1.8km),350,South Farm (0.4km);Mickledale Farm (1.8km);Marton Moor Farm (1.8km)
2026-09-30T10:00,222,2.7,226,4.6,ukmo_uk_deterministic_2km,False,42,Marton Cottage Farm (1.8km);Marton cum Grafton (3.3km),46,Marton Cottage Farm (1.8km);Great Ouseburn (4.6km)
2026-09-30T11:00,206,4.9,210,7.6,ukmo_uk_deterministic_2km,False,26,Marton Cottage Farm (1.8km);Marton cum Grafton (3.3km),30,Marton Cottage Farm (1.8km);Marton cum Grafton (3.3km)
2026-09-30T12:00,208,6.3,210,9.9,ukmo_uk_deterministic_2km,False,28,Marton Cottage Farm (1.8km);Marton cum Grafton (3.3km),30,Marton Cottage Farm (1.8km);Marton cum Grafton (3.3km)
2026-09-30T13:00,206,6.3,206,10.1,ukmo_uk_deterministic_2km,False,26,Marton Cottage Farm (1.8km);Marton cum Grafton (3.3km),26,Marton Cottage Farm (1.8km);Marton cum Grafton (3.3km)
2026-09-30T14:00,210,5.4,210,8.6,ukmo_uk_deterministic_2km,False,30,Marton Cottage Farm (1.8km);Marton cum Grafton (3.3km),30,Marton Cottage Farm (1.8km);Marton cum Grafton (3.3km)
2026-09-30T15:00,208,4.8,208,7.9,ukmo_uk_deterministic_2km,False,28,Marton Cottage Farm (1.8km);Marton cum Grafton (3.3km),28,Marton Cottage Farm (1.8km);Marton cum Grafton (3.3km)
2026-09-30T16:00,188,4.3,188,7.6,ukmo_uk_deterministic_2km,False,8,South Farm (0.4km);Mickledale Farm (1.8km);Marton Moor Farm (1.8km);Marton cum Grafton (3.3km),8,South Farm (0.4km);Mickledale Farm (1.8km);Marton Moor Farm (1.8km);Marton cum Grafton (3.3km)
2026-09-30T17:00,174,4.1,180,8.9,ukmo_uk_deterministic_2km,False,354,South Farm (0.4km);Mickledale Farm (1.8km);Marton Moor Farm (1.8km),0,South Farm (0.4km);Mickledale Farm (1.8km);Marton Moor Farm (1.8km);Marton cum Grafton (3.3km)
2026-09-30T18:00,160,3.0,174,7.8,ukmo_uk_deterministic_2km,False,340,South Farm (0.4km);Mickledale Farm (1.8km);Marton Moor Farm (1.8km),354,South Farm (0.4km);Mickledale Farm (1.8km);Marton Moor Farm (1.8km)
2026-09-30T19:00,182,3.3,192,9.1,ukmo_uk_deterministic_2km,False,2,South Farm (0.4km);Mickledale Farm (1.8km);Marton Moor Farm (1.8km);Marton cum Grafton (3.3km),12,South Farm (0.4km);Mickledale Farm (1.8km);Marton Moor Farm (1.8km);Marton cum Grafton (3.3km)
2026-09-30T20:00,226,3.1,238,6.4,ukmo_uk_deterministic_2km,False,46,Marton Cottage Farm (1.8km);Great Ouseburn (4.6km),58,Marton Cottage Farm (1.8km);Little Ouseburn (4.1km);Great Ouseburn (4.6km)
2026-09-30T21:00,246,3.5,244,9.0,ukmo_uk_deterministic_2km,False,66,Marton Cottage Farm (1.8km);Little Ouseburn (4.1km);Great Ouseburn (4.6km),64,Marton Cottage Farm (1.8km);Little Ouseburn (4.1km);Great Ouseburn (4.6km)
2026-09-30T22:00,230,3.0,236,8.0,ukmo_uk_deterministic_2km,False,50,Marton Cottage Farm (1.8km);Great Ouseburn (4.6km),56,Marton Cottage Farm (1.8km);Great Ouseburn (4.6km)
2026-09-30T23:00,176,2.4,214,5.8,ukmo_uk_deterministic_2km,False,356,South Farm (0.4km);Mickledale Farm (1.8km);Marton Moor Farm (1.8km),34,Marton Cottage Farm (1.8km);Marton cum Grafton (3.3km)
2026-10-01T00:00,214,2.4,230,7.1,ukmo_uk_deterministic_2km,False,34,Marton Cottage Farm (1.8km);Marton cum Grafton (3.3km),50,Marton Cottage Farm (1.8km);Great Ouseburn (4.6km)
2026-10-01T01:00,244,4.5,244,8.8,ukmo_uk_deterministic_2km,False,64,Marton Cottage Farm (1.8km);Little Ouseburn (4.1km);Great Ouseburn (4.6km),64,Marton Cottage Farm (1.8km);Little Ouseburn (4.1km);Great Ouseburn (4.6km)
2026-10-01T02:00,216,2.6,228,5.8,ukmo_uk_deterministic_2km,False,36,Marton Cottage Farm (1.8km);Marton cum Grafton (3.3km),48,Marton Cottage Farm (1.8km);Great Ouseburn (4.6km)
2026-10-01T03:00,200,2.0,222,5.1,ukmo_uk_deterministic_2km,False,20,South Farm (0.4km);Mickledale Farm (1.8km);Marton Moor Farm (1.8km);Marton cum Grafton (3.3km),42,Marton Cottage Farm (1.8km);Marton cum Grafton (3.3km)
2026-10-01T04:00,188,3.1,200,6.8,ukmo_uk_deterministic_2km,False,8,South Farm (0.4km);Mickledale Farm (1.8km);Marton Moor Farm (1.8km);Marton cum Grafton (3.3km),20,South Farm (0.4km);Mickledale Farm (1.8km);Marton Moor Farm (1.8km);Marton cum Grafton (3.3km)
2026-10-01T05:00,206,2.8,216,6.4,ukmo_uk_deterministic_2km,False,26,Marton Cottage Farm (1.8km);Marton cum Grafton (3.3km),36,Marton Cottage Farm (1.8km);Marton cum Grafton (3.3km)
2026-10-01T06:00,220,2.8,236,6.7,ukmo_uk_deterministic_2km,False,40,Marton Cottage Farm (1.8km);Marton cum Grafton (3.3km),56,Marton Cottage Farm (1.8km);Great Ouseburn (4.6km)
2026-10-01T07:00,220,1.8,240,5.2,ukmo_uk_deterministic_2km,True,40,,60,Marton Cottage Farm (1.8km);Little Ouseburn (4.1km);Great Ouseburn (4.6km)
2026-10-01T08:00,216,3.0,228,3.9,ukmo_uk_deterministic_2km,False,36,Marton Cottage Farm (1.8km);Marton cum Grafton (3.3km),48,Marton Cottage Farm (1.8km);Great Ouseburn (4.6km)
2026-10-01T09:00,234,3.4,234,5.5,ukmo_uk_deterministic_2km,False,54,Marton Cottage Farm (1.8km);Great Ouseburn (4.6km),54,Marton Cottage Farm (1.8km);Great Ouseburn (4.6km)
2026-10-01T10:00,238,4.9,240,7.7,ukmo_uk_deterministic_2km,False,58,Marton Cottage Farm (1.8km);Little Ouseburn (4.1km);Great Ouseburn (4.6km),60,Marton Cottage Farm (1.8km);Little Ouseburn (4.1km);Great Ouseburn (4.6km)
2026-10-01T11:00,248,4.4,250,6.9,ukmo_uk_deterministic_2km,False,68,Walls Close House (0.6km);Little Ouseburn (4.1km);Great Ouseburn (4.6km),70,Walls Close House (0.6km);Little Ouseburn (4.1km);Great Ouseburn (4.6km)
2026-10-01T12:00,250,4.2,250,6.6,ukmo_uk_deterministic_2km,False,70,Walls Close House (0.6km);Little Ouseburn (4.1km);Great Ouseburn (4.6km),70,Walls Close House (0.6km);Little Ouseburn (4.1km);Great Ouseburn (4.6km)
2026-10-01T13:00,254,5.6,254,8.6,ukmo_uk_deterministic_2km,False,74,Walls Close House (0.6km);Little Ouseburn (4.1km);Great Ouseburn (4.6km),74,Walls Close House (0.6km);Little Ouseburn (4.1km);Great Ouseburn (4.6km)
2026-10-01T14:00,244,4.6,246,7.5,ukmo_uk_deterministic_2km,False,64,Marton Cottage Farm (1.8km);Little Ouseburn (4.1km);Great Ouseburn (4.6km),66,Marton Cottage Farm (1.8km);Little Ouseburn (4.1km);Great Ouseburn (4.6km)
2026-10-01T15:00,250,4.8,250,7.8,ukmo_uk_deterministic_2km,False,70,Walls Close House (0.6km);Little Ouseburn (4.1km);Great Ouseburn (4.6km),70,Walls Close House (0.6km);Little Ouseburn (4.1km);Great Ouseburn (4.6km)
2026-10-01T16:00,256,4.3,256,6.9,ukmo_uk_deterministic_2km,False,76,Walls Close House (0.6km);Little Ouseburn (4.1km);Great Ouseburn (4.6km),76,Walls Close House (0.6km);Little Ouseburn (4.1km);Great Ouseburn (4.6km)
2026-10-01T17:00,224,2.4,232,5.6,ukmo_uk_deterministic_2km,False,44,Marton Cottage Farm (1.8km);Marton cum Grafton (3.3km);Great Ouseburn (4.6km),52,Marton Cottage Farm (1.8km);Great Ouseburn (4.6km)
2026-10-01T18:00,198,1.8,214,4.9,ukmo_uk_deterministic_2km,True,18,,34,Marton Cottage Farm (1.8km);Marton cum Grafton (3.3km)
2026-10-01T19:00,178,2.3,198,6.0,ukmo_uk_deterministic_2km,False,358,South Farm (0.4km);Mickledale Farm (1.8km);Marton Moor Farm (1.8km),18,South Farm (0.4km);Mickledale Farm (1.8km);Marton Moor Farm (1.8km);Marton cum Grafton (3.3km)
2026-10-01T20:00,186,2.6,206,6.6,ukmo_uk_deterministic_2km,False,6,South Farm (0.4km);Mickledale Farm (1.8km);Marton Moor Farm (1.8km);Marton cum Grafton (3.3km),26,Marton Cottage Farm (1.8km);Marton cum Grafton (3.3km)
2026-10-01T21:00,170,2.7,194,6.4,ukmo_uk_deterministic_2km,False,350,South Farm (0.4km);Mickledale Farm (1.8km);Marton Moor Farm (1.8km),14,South Farm (0.4km);Mickledale Farm (1.8km);Marton Moor Farm (1.8km);Marton cum Grafton (3.3km)
2026-10-01T22:00,178,2.9,194,8.1,ukmo_uk_deterministic_2km,False,358,South Farm (0.4km);Mickledale Farm (1.8km);Marton Moor Farm (1.8km),14,South Farm (0.4km);Mickledale Farm (1.8km);Marton Moor Farm (1.8km);Marton cum Grafton (3.3km)
2026-10-01T23:00,178,3.0,206,7.6,ukmo_uk_deterministic_2km,False,358,South Farm (0.4km);Mickledale Farm (1.8km);Marton Moor Farm (1.8km),26,Marton Cottage Farm (1.8km);Marton cum Grafton (3.3km)
2026-10-02T00:00,154,3.3,184,7.6,ukmo_uk_deterministic_2km,False,334,Thornbar Farm (0.7km),4,South Farm (0.4km);Mickledale Farm (1.8km);Marton Moor Farm (1.8km);Marton cum Grafton (3.3km)
2026-10-02T01:00,160,3.3,184,7.6,ukmo_uk_deterministic_2km,False,340,South Farm (0.4km);Mickledale Farm (1.8km);Marton Moor Farm (1.8km),4,South Farm (0.4km);Mickledale Farm (1.8km);Marton Moor Farm (1.8km);Marton cum Grafton (3.3km)
2026-10-02T02:00,158,3.7,176,8.7,ukmo_uk_deterministic_2km,False,338,South Farm (0.4km);Mickledale Farm (1.8km);Marton Moor Farm (1.8km),356,South Farm (0.4km);Mickledale Farm (1.8km);Marton Moor Farm (1.8km)
2026-10-02T03:00,162,4.1,178,8.9,ukmo_uk_deterministic_2km,False,342,South Farm (0.4km);Mickledale Farm (1.8km);Marton Moor Farm (1.8km),358,South Farm (0.4km);Mickledale Farm (1.8km);Marton Moor Farm (1.8km)
2026-10-02T04:00,162,4.6,176,9.9,ukmo_uk_deterministic_2km,False,342,South Farm (0.4km);Mickledale Farm (1.8km);Marton Moor Farm (1.8km),356,South Farm (0.4km);Mickledale Farm (1.8km);Marton Moor Farm (1.8km)
2026-10-02T05:00,166,4.7,176,9.6,ukmo_uk_deterministic_2km,False,346,South Farm (0.4km);Mickledale Farm (1.8km);Marton Moor Farm (1.8km),356,South Farm (0.4km);Mickledale Farm (1.8km);Marton Moor Farm (1.8km)
2026-10-02T06:00,168,4.4,180,9.1,ukmo_uk_deterministic_2km,False,348,South Farm (0.4km);Mickledale Farm (1.8km);Marton Moor Farm (1.8km),0,South Farm (0.4km);Mickledale Farm (1.8km);Marton Moor Farm (1.8km);Marton cum Grafton (3.3km)
2026-10-02T07:00,164,4.1,174,8.6,ukmo_uk_deterministic_2km,False,344,South Farm (0.4km);Mickledale Farm (1.8km);Marton Moor Farm (1.8km),354,South Farm (0.4km);Mickledale Farm (1.8km);Marton Moor Farm (1.8km)
2026-10-02T08:00,166,3.4,176,7.1,ukmo_uk_deterministic_2km,False,346,South Farm (0.4km);Mickledale Farm (1.8km);Marton Moor Farm (1.8km),356,South Farm (0.4km);Mickledale Farm (1.8km);Marton Moor Farm (1.8km)
2026-10-02T09:00,166,4.5,172,6.9,ukmo_uk_deterministic_2km,False,346,South Farm (0.4km);Mickledale Farm (1.8km);Marton Moor Farm (1.8km),352,South Farm (0.4km);Mickledale Farm (1.8km);Marton Moor Farm (1.8km)
2026-10-02T10:00,188,5.8,190,8.9,ukmo_uk_deterministic_2km,False,8,South Farm (0.4km);Mickledale Farm (1.8km);Marton Moor Farm (1.8km);Marton cum Grafton (3.3km),10,South Farm (0.4km);Mickledale Farm (1.8km);Marton Moor Farm (1.8km);Marton cum Grafton (3.3km)
2026-10-02T11:00,188,6.3,190,10.1,ukmo_uk_deterministic_2km,False,8,South Farm (0.4km);Mickledale Farm (1.8km);Marton Moor Farm (1.8km);Marton cum Grafton (3.3km),10,South Farm (0.4km);Mickledale Farm (1.8km);Marton Moor Farm (1.8km);Marton cum Grafton (3.3km)
2026-10-02T12:00,204,7.6,204,11.8,ukmo_uk_deterministic_2km,False,24,Marton Cottage Farm (1.8km);Marton cum Grafton (3.3km),24,Marton Cottage Farm (1.8km);Marton cum Grafton (3.3km)
2026-10-02T13:00,198,6.5,200,10.8,ukmo_uk_deterministic_2km,False,18,South Farm (0.4km);Mickledale Farm (1.8km);Marton Moor Farm (1.8km);Marton cum Grafton (3.3km),20,South Farm (0.4km);Mickledale Farm (1.8km);Marton Moor Farm (1.8km);Marton cum Grafton (3.3km)
2026-10-02T14:00,200,6.3,200,10.8,ukmo_uk_deterministic_2km,False,20,South Farm (0.4km);Mickledale Farm (1.8km);Marton Moor Farm (1.8km);Marton cum Grafton (3.3km),20,South Farm (0.4km);Mickledale Farm (1.8km);Marton Moor Farm (1.8km);Marton cum Grafton (3.3km)
2026-10-02T15:00,202,7.3,204,12.1,ukmo_uk_deterministic_2km,False,22,South Farm (0.4km);Mickledale Farm (1.8km);Marton Moor Farm (1.8km);Marton cum Grafton (3.3km),24,Marton Cottage Farm (1.8km);Marton cum Grafton (3.3km)
2026-10-02T16:00,200,7.2,202,11.8,ukmo_uk_deterministic_2km,False,20,South Farm (0.4km);Mickledale Farm (1.8km);Marton Moor Farm (1.8km);Marton cum Grafton (3.3km),22,South Farm (0.4km);Mickledale Farm (1.8km);Marton Moor Farm (1.8km);Marton cum Grafton (3.3km)
2026-10-02T17:00,196,7.0,200,12.3,ukmo_uk_deterministic_2km,False,16,South Farm (0.4km);Mickledale Farm (1.8km);Marton Moor Farm (1.8km);Marton cum Grafton (3.3km),20,South Farm (0.4km);Mickledale Farm (1.8km);Marton Moor Farm (1.8km);Marton cum Grafton (3.3km)
2026-10-02T18:00,196,6.8,200,12.1,ukmo_uk_deterministic_2km,False,16,South Farm (0.4km);Mickledale Farm (1.8km);Marton Moor Farm (1.8km);Marton cum Grafton (3.3km),20,South Farm (0.4km);Mickledale Farm (1.8km);Marton Moor Farm (1.8km);Marton cum Grafton (3.3km)
2026-10-02T19:00,192,6.4,194,11.7,ukmo_uk_deterministic_2km,False,12,South Farm (0.4km);Mickledale Farm (1.8km);Marton Moor Farm (1.8km);Marton cum Grafton (3.3km),14,South Farm (0.4km);Mickledale Farm (1.8km);Marton Moor Farm (1.8km);Marton cum Grafton (3.3km)
2026-10-02T20:00,196,6.3,200,11.3,ukmo_uk_deterministic_2km,False,16,South Farm (0.4km);Mickledale Farm (1.8km);Marton Moor Farm (1.8km);Marton cum Grafton (3.3km),20,South Farm (0.4km);Mickledale Farm (1.8km);Marton Moor Farm (1.8km);Marton cum Grafton (3.3km)
2026-10-02T21:00,188,5.3,198,10.1,ukmo_uk_deterministic_2km,False,8,South Farm (0.4km);Mickledale Farm (1.8km);Marton Moor Farm (1.8km);Marton cum Grafton (3.3km),18,South Farm (0.4km);Mickledale Farm (1.8km);Marton Moor Farm (1.8km);Marton cum Grafton (3.3km)
2026-10-02T22:00,188,4.9,198,9.4,ukmo_uk_deterministic_2km,False,8,South Farm (0.4km);Mickledale Farm (1.8km);Marton Moor Farm (1.8km);Marton cum Grafton (3.3km),18,South Farm (0.4km);Mickledale Farm (1.8km);Marton Moor Farm (1.8km);Marton cum Grafton (3.3km)
2026-10-02T23:00,186,5.1,196,9.7,ukmo_uk_deterministic_2km,False,6,South Farm (0.4km);Mickledale Farm (1.8km);Marton Moor Farm (1.8km);Marton cum Grafton (3.3km),16,South Farm (0.4km);Mickledale Farm (1.8km);Marton Moor Farm (1.8km);Marton cum Grafton (3.3km)
2026-10-03T00:00,202,6.5,206,11.9,ukmo_uk_deterministic_2km,False,22,South Farm (0.4km);Mickledale Farm (1.8km);Marton Moor Farm (1.8km);Marton cum Grafton (3.3km),26,Marton Cottage Farm (1.8km);Marton cum Grafton (3.3km)
2026-10-03T01:00,212,5.9,214,10.6,ukmo_uk_deterministic_2km,False,32,Marton Cottage Farm (1.8km);Marton cum Grafton (3.3km),34,Marton Cottage Farm (1.8km);Marton cum Grafton (3.3km)
2026-10-03T02:00,246,5.9,250,9.8,ukmo_uk_deterministic_2km,False,66,Marton Cottage Farm (1.8km);Little Ouseburn (4.1km);Great Ouseburn (4.6km),70,Walls Close House (0.6km);Little Ouseburn (4.1km);Great Ouseburn (4.6km)
2026-10-03T03:00,258,5.1,264,9.8,ukmo_uk_deterministic_2km,False,78,Walls Close House (0.6km);Little Ouseburn (4.1km);Great Ouseburn (4.6km),84,Walls Close House (0.6km);Little Ouseburn (4.1km);Great Ouseburn (4.6km)
2026-10-03T04:00,272,3.0,282,7.1,ukmo_uk_deterministic_2km,False,92,Walls Close House (0.6km);Little Ouseburn (4.1km),102,Walls Close House (0.6km);Whixley (4.1km);Green Hammerton (6.0km)
2026-10-03T05:00,270,2.5,278,5.6,ukmo_uk_deterministic_2km,False,90,Walls Close House (0.6km);Little Ouseburn (4.1km),98,Walls Close House (0.6km);Little Ouseburn (4.1km);Whixley (4.1km);Green Hammerton (6.0km)
2026-10-03T06:00,238,2.1,276,4.7,ukmo_uk_deterministic_2km,False,58,Marton Cottage Farm (1.8km);Little Ouseburn (4.1km);Great Ouseburn (4.6km),96,Walls Close House (0.6km);Little Ouseburn (4.1km);Whixley (4.1km);Green Hammerton (6.0km)
2026-10-03T07:00,250,1.9,270,4.2,ukmo_uk_deterministic_2km,True,70,,90,Walls Close House (0.6km);Little Ouseburn (4.1km)
2026-10-03T08:00,260,2.7,268,4.1,ukmo_uk_deterministic_2km,False,80,Walls Close House (0.6km);Little Ouseburn (4.1km);Great Ouseburn (4.6km),88,Walls Close House (0.6km);Little Ouseburn (4.1km)
2026-10-03T09:00,250,3.8,254,5.3,ukmo_uk_deterministic_2km,False,70,Walls Close House (0.6km);Little Ouseburn (4.1km);Great Ouseburn (4.6km),74,Walls Close House (0.6km);Little Ouseburn (4.1km);Great Ouseburn (4.6km)
2026-10-03T10:00,260,4.8,262,6.9,ukmo_uk_deterministic_2km,False,80,Walls Close House (0.6km);Little Ouseburn (4.1km);Great Ouseburn (4.6km),82,Walls Close House (0.6km);Little Ouseburn (4.1km);Great Ouseburn (4.6km)
2026-10-03T11:00,274,4.8,276,6.9,ukmo_uk_deterministic_2km,False,94,Walls Close House (0.6km);Little Ouseburn (4.1km);Whixley (4.1km),96,Walls Close House (0.6km);Little Ouseburn (4.1km);Whixley (4.1km);Green Hammerton (6.0km)
2026-10-03T12:00,286,4.3,286,6.2,ukmo_uk_deterministic_2km,False,106,Walls Close House (0.6km);Whixley (4.1km);Green Hammerton (6.0km),106,Walls Close House (0.6km);Whixley (4.1km);Green Hammerton (6.0km)
2026-10-03T13:00,274,3.4,276,4.8,ukmo_uk_deterministic_2km,False,94,Walls Close House (0.6km);Little Ouseburn (4.1km);Whixley (4.1km),96,Walls Close House (0.6km);Little Ouseburn (4.1km);Whixley (4.1km);Green Hammerton (6.0km)
2026-10-03T14:00,276,3.4,276,4.8,ukmo_uk_deterministic_2km,False,96,Walls Close House (0.6km);Little Ouseburn (4.1km);Whixley (4.1km);Green Hammerton (6.0km),96,Walls Close House (0.6km);Little Ouseburn (4.1km);Whixley (4.1km);Green Hammerton (6.0km)
2026-10-03T15:00,288,2.9,288,4.2,ukmo_uk_deterministic_2km,False,108,Walls Close House (0.6km);Whixley (4.1km);Green Hammerton (6.0km),108,Walls Close House (0.6km);Whixley (4.1km);Green Hammerton (6.0km)
2026-10-03T16:00,276,2.8,280,4.1,ukmo_uk_deterministic_2km,False,96,Walls Close House (0.6km);Little Ouseburn (4.1km);Whixley (4.1km);Green Hammerton (6.0km),100,Walls Close House (0.6km);Little Ouseburn (4.1km);Whixley (4.1km);Green Hammerton (6.0km)
2026-10-03T17:00,274,2.6,276,5.8,ukmo_uk_deterministic_2km,False,94,Walls Close House (0.6km);Little Ouseburn (4.1km);Whixley (4.1km),96,Walls Close House (0.6km);Little Ouseburn (4.1km);Whixley (4.1km);Green Hammerton (6.0km)
2026-10-03T18:00,266,2.6,274,6.1,ukmo_uk_deterministic_2km,False,86,Walls Close House (0.6km);Little Ouseburn (4.1km);Great Ouseburn (4.6km),94,Walls Close House (0.6km);Little Ouseburn (4.1km);Whixley (4.1km)
2026-10-03T19:00,266,2.6,280,6.1,ukmo_uk_deterministic_2km,False,86,Walls Close House (0.6km);Little Ouseburn (4.1km);Great Ouseburn (4.6km),100,Walls Close House (0.6km);Little Ouseburn (4.1km);Whixley (4.1km);Green Hammerton (6.0km)
2026-10-03T20:00,258,2.1,252,3.6,ukmo_uk_deterministic_2km,False,78,Walls Close House (0.6km);Little Ouseburn (4.1km);Great Ouseburn (4.6km),72,Walls Close House (0.6km);Little Ouseburn (4.1km);Great Ouseburn (4.6km)
2026-10-03T21:00,266,2.6,266,4.9,ukmo_uk_deterministic_2km,False,86,Walls Close House (0.6km);Little Ouseburn (4.1km);Great Ouseburn (4.6km),86,Walls Close House (0.6km);Little Ouseburn (4.1km);Great Ouseburn (4.6km)
2026-10-03T22:00,270,2.4,276,3.4,ukmo_uk_deterministic_2km,False,90,Walls Close House (0.6km);Little Ouseburn (4.1km),96,Walls Close House (0.6km);Little Ouseburn (4.1km);Whixley (4.1km);Green Hammerton (6.0km)
2026-10-03T23:00,278,1.9,274,4.4,ukmo_uk_deterministic_2km,True,98,,94,Walls Close House (0.6km);Little Ouseburn (4.1km);Whixley (4.1km)
2026-10-04T00:00,234,1.8,254,3.9,ukmo_uk_deterministic_2km,True,54,,74,Walls Close House (0.6km);Little Ouseburn (4.1km);Great Ouseburn (4.6km)
2026-10-04T01:00,208,1.6,248,4.3,ukmo_uk_deterministic_2km,True,28,,68,Walls Close House (0.6km);Little Ouseburn (4.1km);Great Ouseburn (4.6km)
2026-10-04T02:00,196,2.1,236,4.2,ukmo_uk_deterministic_2km,False,16,South Farm (0.4km);Mickledale Farm (1.8km);Marton Moor Farm (1.8km);Marton cum Grafton (3.3km),56,Marton Cottage Farm (1.8km);Great Ouseburn (4.6km)
2026-10-04T03:00,172,2.7,208,3.6,ukmo_uk_deterministic_2km,False,352,South Farm (0.4km);Mickledale Farm (1.8km);Marton Moor Farm (1.8km),28,Marton Cottage Farm (1.8km);Marton cum Grafton (3.3km)
2026-10-04T04:00,198,2.4,202,4.5,ukmo_uk_deterministic_2km,False,18,South Farm (0.4km);Mickledale Farm (1.8km);Marton Moor Farm (1.8km);Marton cum Grafton (3.3km),22,South Farm (0.4km);Mickledale Farm (1.8km);Marton Moor Farm (1.8km);Marton cum Grafton (3.3km)
2026-10-04T05:00,208,2.6,204,5.5,ukmo_uk_deterministic_2km,False,28,Marton Cottage Farm (1.8km);Marton cum Grafton (3.3km),24,Marton Cottage Farm (1.8km);Marton cum Grafton (3.3km)
2026-10-04T06:00,208,2.9,214,6.0,ukmo_uk_deterministic_2km,False,28,Marton Cottage Farm (1.8km);Marton cum Grafton (3.3km),34,Marton Cottage Farm (1.8km);Marton cum Grafton (3.3km)
2026-10-04T07:00,200,2.6,222,7.7,ukmo_uk_deterministic_2km,False,20,South Farm (0.4km);Mickledale Farm (1.8km);Marton Moor Farm (1.8km);Marton cum Grafton (3.3km),42,Marton Cottage Farm (1.8km);Marton cum Grafton (3.3km)
2026-10-04T08:00,192,3.0,214,7.3,ukmo_uk_deterministic_2km,False,12,South Farm (0.4km);Mickledale Farm (1.8km);Marton Moor Farm (1.8km);Marton cum Grafton (3.3km),34,Marton Cottage Farm (1.8km);Marton cum Grafton (3.3km)
2026-10-04T09:00,202,3.4,212,4.8,ukmo_uk_deterministic_2km,False,22,South Farm (0.4km);Mickledale Farm (1.8km);Marton Moor Farm (1.8km);Marton cum Grafton (3.3km),32,Marton Cottage Farm (1.8km);Marton cum Grafton (3.3km)
2026-10-04T10:00,204,3.1,212,4.4,ukmo_uk_deterministic_2km,False,24,Marton Cottage Farm (1.8km);Marton cum Grafton (3.3km),32,Marton Cottage Farm (1.8km);Marton cum Grafton (3.3km)
2026-10-04T11:00,240,4.9,240,7.2,ukmo_uk_deterministic_2km,False,60,Marton Cottage Farm (1.8km);Little Ouseburn (4.1km);Great Ouseburn (4.6km),60,Marton Cottage Farm (1.8km);Little Ouseburn (4.1km);Great Ouseburn (4.6km)
2026-10-04T12:00,240,5.1,240,7.4,ukmo_uk_deterministic_2km,False,60,Marton Cottage Farm (1.8km);Little Ouseburn (4.1km);Great Ouseburn (4.6km),60,Marton Cottage Farm (1.8km);Little Ouseburn (4.1km);Great Ouseburn (4.6km)
2026-10-04T13:00,242,5.0,242,7.4,ukmo_uk_deterministic_2km,False,62,Marton Cottage Farm (1.8km);Little Ouseburn (4.1km);Great Ouseburn (4.6km),62,Marton Cottage Farm (1.8km);Little Ouseburn (4.1km);Great Ouseburn (4.6km)
2026-10-04T14:00,248,5.3,248,7.9,ukmo_uk_deterministic_2km,False,68,Walls Close House (0.6km);Little Ouseburn (4.1km);Great Ouseburn (4.6km),68,Walls Close House (0.6km);Little Ouseburn (4.1km);Great Ouseburn (4.6km)
2026-10-04T15:00,246,4.6,246,7.1,ukmo_uk_deterministic_2km,False,66,Marton Cottage Farm (1.8km);Little Ouseburn (4.1km);Great Ouseburn (4.6km),66,Marton Cottage Farm (1.8km);Little Ouseburn (4.1km);Great Ouseburn (4.6km)
2026-10-04T16:00,252,3.8,252,6.3,ukmo_uk_deterministic_2km,False,72,Walls Close House (0.6km);Little Ouseburn (4.1km);Great Ouseburn (4.6km),72,Walls Close House (0.6km);Little Ouseburn (4.1km);Great Ouseburn (4.6km)
2026-10-04T17:00,232,3.9,236,7.5,ukmo_uk_deterministic_2km,False,52,Marton Cottage Farm (1.8km);Great Ouseburn (4.6km),56,Marton Cottage Farm (1.8km);Great Ouseburn (4.6km)
2026-10-04T18:00,230,3.3,236,7.6,ukmo_uk_deterministic_2km,False,50,Marton Cottage Farm (1.8km);Great Ouseburn (4.6km),56,Marton Cottage Farm (1.8km);Great Ouseburn (4.6km)
2026-10-04T19:00,238,2.9,248,6.5,ukmo_uk_deterministic_2km,False,58,Marton Cottage Farm (1.8km);Little Ouseburn (4.1km);Great Ouseburn (4.6km),68,Walls Close House (0.6km);Little Ouseburn (4.1km);Great Ouseburn (4.6km)
2026-10-04T20:00,234,2.2,246,5.7,ukmo_uk_deterministic_2km,False,54,Marton Cottage Farm (1.8km);Great Ouseburn (4.6km),66,Marton Cottage Farm (1.8km);Little Ouseburn (4.1km);Great Ouseburn (4.6km)
2026-10-04T21:00,230,4.8,234,9.1,ukmo_uk_deterministic_2km,False,50,Marton Cottage Farm (1.8km);Great Ouseburn (4.6km),54,Marton Cottage Farm (1.8km);Great Ouseburn (4.6km)
2026-10-04T22:00,228,3.8,234,7.4,ukmo_uk_deterministic_2km,False,48,Marton Cottage Farm (1.8km);Great Ouseburn (4.6km),54,Marton Cottage Farm (1.8km);Great Ouseburn (4.6km)
2026-10-04T23:00,222,4.2,228,8.4,ukmo_uk_deterministic_2km,False,42,Marton Cottage Farm (1.8km);Marton cum Grafton (3.3km),48,Marton Cottage Farm (1.8km);Great Ouseburn (4.6km)
2026-10-05T00:00,232,3.9,236,8.4,ukmo_uk_deterministic_2km,False,52,Marton Cottage Farm (1.8km);Great Ouseburn (4.6km),56,Marton Cottage Farm (1.8km);Great Ouseburn (4.6km)
2026-10-05T01:00,238,5.4,240,10.0,ukmo_uk_deterministic_2km,False,58,Marton Cottage Farm (1.8km);Little Ouseburn (4.1km);Great Ouseburn (4.6km),60,Marton Cottage Farm (1.8km);Little Ouseburn (4.1km);Great Ouseburn (4.6km)
2026-10-05T02:00,226,4.9,230,9.3,ukmo_uk_deterministic_2km,False,46,Marton Cottage Farm (1.8km);Great Ouseburn (4.6km),50,Marton Cottage Farm (1.8km);Great Ouseburn (4.6km)
2026-10-05T03:00,228,4.9,232,9.1,ukmo_uk_deterministic_2km,False,48,Marton Cottage Farm (1.8km);Great Ouseburn (4.6km),52,Marton Cottage Farm (1.8km);Great Ouseburn (4.6km)
2026-10-05T04:00,228,5.3,232,9.8,ukmo_uk_deterministic_2km,False,48,Marton Cottage Farm (1.8km);Great Ouseburn (4.6km),52,Marton Cottage Farm (1.8km);Great Ouseburn (4.6km)
2026-10-05T05:00,228,5.2,234,9.6,ukmo_uk_deterministic_2km,False,48,Marton Cottage Farm (1.8km);Great Ouseburn (4.6km),54,Marton Cottage Farm (1.8km);Great Ouseburn (4.6km)
2026-10-05T06:00,232,4.7,240,9.3,ukmo_uk_deterministic_2km,False,52,Marton Cottage Farm (1.8km);Great Ouseburn (4.6km),60,Marton Cottage Farm (1.8km);Little Ouseburn (4.1km);Great Ouseburn (4.6km)
2026-10-05T07:00,238,5.4,244,9.9,ukmo_uk_deterministic_2km,False,58,Marton Cottage Farm (1.8km);Little Ouseburn (4.1km);Great Ouseburn (4.6km),64,Marton Cottage Farm (1.8km);Little Ouseburn (4.1km);Great Ouseburn (4.6km)
2026-10-05T08:00,240,5.6,242,9.7,ukmo_uk_deterministic_2km,False,60,Marton Cottage Farm (1.8km);Little Ouseburn (4.1km);Great Ouseburn (4.6km),62,Marton Cottage Farm (1.8km);Little Ouseburn (4.1km);Great Ouseburn (4.6km)
2026-10-05T09:00,244,6.9,244,11.3,ukmo_uk_deterministic_2km,False,64,Marton Cottage Farm (1.8km);Little Ouseburn (4.1km);Great Ouseburn (4.6km),64,Marton Cottage Farm (1.8km);Little Ouseburn (4.1km);Great Ouseburn (4.6km)
2026-10-05T10:00,244,5.4,246,9.2,ukmo_uk_deterministic_2km,False,64,Marton Cottage Farm (1.8km);Little Ouseburn (4.1km);Great Ouseburn (4.6km),66,Marton Cottage Farm (1.8km);Little Ouseburn (4.1km);Great Ouseburn (4.6km)
2026-10-05T11:00,242,5.3,244,8.8,ukmo_uk_deterministic_2km,False,62,Marton Cottage Farm (1.8km);Little Ouseburn (4.1km);Great Ouseburn (4.6km),64,Marton Cottage Farm (1.8km);Little Ouseburn (4.1km);Great Ouseburn (4.6km)
2026-10-05T12:00,244,6.1,248,10.1,ukmo_uk_deterministic_2km,False,64,Marton Cottage Farm (1.8km);Little Ouseburn (4.1km);Great Ouseburn (4.6km),68,Walls Close House (0.6km);Little Ouseburn (4.1km);Great Ouseburn (4.6km)
2026-10-05T13:00,246,6.9,250,11.3,ukmo_uk_deterministic_2km,False,66,Marton Cottage Farm (1.8km);Little Ouseburn (4.1km);Great Ouseburn (4.6km),70,Walls Close House (0.6km);Little Ouseburn (4.1km);Great Ouseburn (4.6km)
2026-10-05T14:00,258,6.5,258,10.6,ukmo_uk_deterministic_2km,False,78,Walls Close House (0.6km);Little Ouseburn (4.1km);Great Ouseburn (4.6km),78,Walls Close House (0.6km);Little Ouseburn (4.1km);Great Ouseburn (4.6km)
2026-10-05T15:00,260,6.8,260,11.2,ukmo_uk_deterministic_2km,False,80,Walls Close House (0.6km);Little Ouseburn (4.1km);Great Ouseburn (4.6km),80,Walls Close House (0.6km);Little Ouseburn (4.1km);Great Ouseburn (4.6km)
2026-10-05T16:00,262,5.5,264,9.2,ukmo_uk_deterministic_2km,False,82,Walls Close House (0.6km);Little Ouseburn (4.1km);Great Ouseburn (4.6km),84,Walls Close House (0.6km);Little Ouseburn (4.1km);Great Ouseburn (4.6km)
2026-10-05T17:00,264,5.1,264,9.1,ukmo_uk_deterministic_2km,False,84,Walls Close House (0.6km);Little Ouseburn (4.1km);Great Ouseburn (4.6km),84,Walls Close House (0.6km);Little Ouseburn (4.1km);Great Ouseburn (4.6km)
2026-10-05T18:00,258,3.8,260,8.5,ukmo_uk_deterministic_2km,False,78,Walls Close House (0.6km);Little Ouseburn (4.1km);Great Ouseburn (4.6km),80,Walls Close House (0.6km);Little Ouseburn (4.1km);Great Ouseburn (4.6km)
2026-10-05T19:00,242,3.4,250,7.4,ukmo_uk_deterministic_2km,False,62,Marton Cottage Farm (1.8km);Little Ouseburn (4.1km);Great Ouseburn (4.6km),70,Walls Close House (0.6km);Little Ouseburn (4.1km);Great Ouseburn (4.6km)
2026-10-05T20:00,260,3.4,260,7.6,ukmo_uk_deterministic_2km,False,80,Walls Close House (0.6km);Little Ouseburn (4.1km);Great Ouseburn (4.6km),80,Walls Close House (0.6km);Little Ouseburn (4.1km);Great Ouseburn (4.6km)
2026-10-05T21:00,252,3.6,256,8.1,ukmo_uk_deterministic_2km,False,72,Walls Close House (0.6km);Little Ouseburn (4.1km);Great Ouseburn (4.6km),76,Walls Close House (0.6km);Little Ouseburn (4.1km);Great Ouseburn (4.6km)
2026-10-05T22:00,256,1.9,262,5.4,ukmo_uk_deterministic_2km,True,76,,82,Walls Close House (0.6km);Little Ouseburn (4.1km);Great Ouseburn (4.6km)
2026-10-05T23:00,264,2.4,264,5.9,ukmo_uk_deterministic_2km,False,84,Walls Close House (0.6km);Little Ouseburn (4.1km);Great Ouseburn (4.6km),84,Walls Close House (0.6km);Little Ouseburn (4.1km);Great Ouseburn (4.6km)
2026-10-06T00:00,248,2.8,248,6.3,ukmo_uk_deterministic_2km,False,68,Walls Close House (0.6km);Little Ouseburn (4.1km);Great Ouseburn (4.6km),68,Walls Close House (0.6km);Little Ouseburn (4.1km);Great Ouseburn (4.6km)
2026-10-06T01:00,230,3.3,234,6.9,ukmo_uk_deterministic_2km,False,50,Marton Cottage Farm (1.8km);Great Ouseburn (4.6km),54,Marton Cottage Farm (1.8km);Great Ouseburn (4.6km)
2026-10-06T02:00,222,2.1,234,5.7,ukmo_uk_deterministic_2km,False,42,Marton Cottage Farm (1.8km);Marton cum Grafton (3.3km),54,Marton Cottage Farm (1.8km);Great Ouseburn (4.6km)
2026-10-06T03:00,238,1.8,252,4.7,ukmo_uk_deterministic_2km,True,58,,72,Walls Close House (0.6km);Little Ouseburn (4.1km);Great Ouseburn (4.6km)
2026-10-06T04:00,226,1.8,246,4.6,ukmo_uk_deterministic_2km,True,46,,66,Marton Cottage Farm (1.8km);Little Ouseburn (4.1km);Great Ouseburn (4.6km)
2026-10-06T05:00,236,1.6,264,3.4,ukmo_uk_deterministic_2km,True,56,,84,Walls Close House (0.6km);Little Ouseburn (4.1km);Great Ouseburn (4.6km)
2026-10-06T06:00,326,2.2,322,3.3,ukmo_uk_deterministic_2km,False,146,Allerton Castle (1.9km);Allerton Mauleverer (2.1km);Hopperton (3.3km),142,Allerton Castle (1.9km);Allerton Mauleverer (2.1km);Hopperton (3.3km)
2026-10-06T07:00,326,1.4,328,2.0,ukmo_uk_deterministic_2km,True,146,,148,Allerton Castle (1.9km);Allerton Mauleverer (2.1km);Hopperton (3.3km)
2026-10-06T08:00,340,1.9,342,2.4,ukmo_uk_deterministic_2km,True,160,,162,Allerton Mauleverer (2.1km);Hopperton (3.3km)
2026-10-06T09:00,346,1.3,346,1.4,ukmo_uk_deterministic_2km,True,166,,166,
2026-10-06T10:00,334,2.2,338,2.5,ukmo_uk_deterministic_2km,False,154,Allerton Castle (1.9km);Allerton Mauleverer (2.1km);Hopperton (3.3km),158,Allerton Mauleverer (2.1km);Hopperton (3.3km)
2026-10-06T11:00,342,3.0,342,4.2,ukmo_uk_deterministic_2km,False,162,Allerton Mauleverer (2.1km);Hopperton (3.3km),162,Allerton Mauleverer (2.1km);Hopperton (3.3km)
2026-10-06T12:00,348,2.9,350,4.3,ukmo_uk_deterministic_2km,False,168,Allerton Mauleverer (2.1km);Hopperton (3.3km),170,Allerton Mauleverer (2.1km);Hopperton (3.3km)
2026-10-06T13:00,340,3.4,344,5.1,ukmo_uk_deterministic_2km,False,160,Allerton Mauleverer (2.1km);Hopperton (3.3km),164,Allerton Mauleverer (2.1km);Hopperton (3.3km)
2026-10-06T14:00,346,3.2,350,4.8,ukmo_uk_deterministic_2km,False,166,Allerton Mauleverer (2.1km);Hopperton (3.3km),170,Allerton Mauleverer (2.1km);Hopperton (3.3km)
2026-10-06T15:00,352,3.1,356,4.1,ukmo_uk_deterministic_2km,False,172,Allerton Mauleverer (2.1km);Hopperton (3.3km),176,
2026-10-06T16:00,50,2.4,52,3.8,ukmo_uk_deterministic_2km,False,230,Clareton Village (1.0km);Coneythorpe (1.6km);Knaresborough (6.2km),232,Clareton Village (1.0km);Coneythorpe (1.6km);Knaresborough (6.2km)
2026-10-06T17:00,54,2.3,56,3.6,ukmo_uk_deterministic_2km,False,234,Clareton Village (1.0km);Coneythorpe (1.6km);Knaresborough (6.2km),236,Clareton Village (1.0km);Coneythorpe (1.6km);Knaresborough (6.2km)
2026-10-06T18:00,46,2.1,48,3.2,ukmo_uk_deterministic_2km,False,226,Clareton Village (1.0km);Coneythorpe (1.6km);Flaxby (2.2km);Knaresborough (6.2km),228,Clareton Village (1.0km);Coneythorpe (1.6km);Flaxby (2.2km);Knaresborough (6.2km)
2026-10-06T19:00,360,1.5,14,2.0,ukmo_uk_deterministic_2km,True,180,,194,Flaxby (2.2km)
2026-10-06T20:00,26,2.5,36,4.1,ukmo_uk_deterministic_2km,False,206,Clareton Village (1.0km);Flaxby (2.2km),216,Clareton Village (1.0km);Coneythorpe (1.6km);Flaxby (2.2km)
2026-10-06T21:00,36,2.6,44,4.1,ukmo_uk_deterministic_2km,False,216,Clareton Village (1.0km);Coneythorpe (1.6km);Flaxby (2.2km),224,Clareton Village (1.0km);Coneythorpe (1.6km);Flaxby (2.2km);Knaresborough (6.2km)
2026-10-06T22:00,344,2.7,352,3.9,ukmo_uk_deterministic_2km,False,164,Allerton Mauleverer (2.1km);Hopperton (3.3km),172,Allerton Mauleverer (2.1km);Hopperton (3.3km)
2026-10-06T23:00,354,2.3,2,3.3,ukmo_uk_deterministic_2km,False,174,Allerton Mauleverer (2.1km);Hopperton (3.3km),182,
2026-10-07T00:00,2,2.9,4,5.1,ukmo_uk_deterministic_2km,False,182,,184,
2026-10-07T01:00,352,3.0,356,5.5,ukmo_uk_deterministic_2km,False,172,Allerton Mauleverer (2.1km);Hopperton (3.3km),176,
2026-10-07T02:00,340,3.4,346,6.3,ukmo_uk_deterministic_2km,False,160,Allerton Mauleverer (2.1km);Hopperton (3.3km),166,Allerton Mauleverer (2.1km);Hopperton (3.3km)
2026-10-07T03:00,346,3.6,352,6.9,ukmo_uk_deterministic_2km,False,166,Allerton Mauleverer (2.1km);Hopperton (3.3km),172,Allerton Mauleverer (2.1km);Hopperton (3.3km)
2026-10-07T04:00,332,3.9,338,7.1,ukmo_uk_deterministic_2km,False,152,Allerton Castle (1.9km);Allerton Mauleverer (2.1km);Hopperton (3.3km),158,Allerton Mauleverer (2.1km);Hopperton (3.3km)
2026-10-07T05:00,346,3.4,350,6.3,ukmo_uk_deterministic_2km,False,166,Allerton Mauleverer (2.1km);Hopperton (3.3km),170,Allerton Mauleverer (2.1km);Hopperton (3.3km)
2026-10-07T06:00,346,3.9,352,7.1,ukmo_uk_deterministic_2km,False,166,Allerton Mauleverer (2.1km);Hopperton (3.3km),172,Allerton Mauleverer (2.1km);Hopperton (3.3km)
2026-10-07T07:00,342,4.3,346,7.6,ukmo_uk_deterministic_2km,False,162,Allerton Mauleverer (2.1km);Hopperton (3.3km),166,Allerton Mauleverer (2.1km);Hopperton (3.3km)
2026-10-07T08:00,350,4.9,352,8.1,ukmo_uk_deterministic_2km,False,170,Allerton Mauleverer (2.1km);Hopperton (3.3km),172,Allerton Mauleverer (2.1km);Hopperton (3.3km)
2026-10-07T09:00,342,4.9,344,7.8,ukmo_uk_deterministic_2km,False,162,Allerton Mauleverer (2.1km);Hopperton (3.3km),164,Allerton Mauleverer (2.1km);Hopperton (3.3km)
2026-10-07T10:00,342,4.4,344,6.9,ukmo_uk_deterministic_2km,False,162,Allerton Mauleverer (2.1km);Hopperton (3.3km),164,Allerton Mauleverer (2.1km);Hopperton (3.3km)
2026-10-07T11:00,342,4.4,342,6.6,ukmo_uk_deterministic_2km,False,162,Allerton Mauleverer (2.1km);Hopperton (3.3km),162,Allerton Mauleverer (2.1km);Hopperton (3.3km)
2026-10-07T12:00,330,4.6,330,7.0,ukmo_uk_deterministic_2km,False,150,Allerton Castle (1.9km);Allerton Mauleverer (2.1km);Hopperton (3.3km),150,Allerton Castle (1.9km);Allerton Mauleverer (2.1km);Hopperton (3.3km)
